"site","region","longitude","latitude","start_year","initialized"
"Porquerolles Sarranier_(Port-Cros)","Provence","6.2601","42.9975",NULL,"0"
"Tabarca","Levante_iberian","-0.4654","38.1637",NULL,"0"
"Tombant de Bailly","Provence","6.5661","43.1772",NULL,"0"
"Ceuta_(Ciclón de fuera)","Gibraltar Strait","-5.3161","35.9023",NULL,"0"
"Tombant de Bailly","Provence","6.5661","43.1772",NULL,"0"
"Tindari (Lago Verde)","S-Tyrrhenian","15.0482","38.1436",NULL,"0"
"Ganzirri (lagoon)","S-Tyrrhenian","15.6122","38.2595",NULL,"0"
"Marsala_(Stagnone)","Sicilia","12.4787","37.8650",NULL,"0"
"Tindari (Lago Verde)","Sicilia","15.0482","38.1436",NULL,"0"
"Ganzirri (lagoon)","Sicilia","15.6145","38.2601",NULL,"0"
"Capo Figari","Sardinia","9.6649","40.9961",NULL,"0"
"Capo Peloro","S-Tyrrhenian","15.6432","38.2638",NULL,"0"
"Gallico (RC)","S-Tyrrhenian","15.6438","38.1655",NULL,"0"
"San Vito Lo Capo","S-Tyrrhenian","12.7705","38.1678",NULL,"0"
"Scilla Montagna","S-Tyrrhenian","15.7115","38.2559",NULL,"0"
"Baie de Fréjus","Provence","6.7633","43.4067",NULL,"0"
"Isola dell'Asinara MPA","Sardinia","8.3661","41.058",NULL,"0"
"Isole di Ventotene e Santo Stefano MPA","N-Tyrrhenian","13.4587","40.7900",NULL,"0"
"Torre Guaceto MPA","S-Adriatic","17.7951","40.7196",NULL,"0"
"Capo Figari","Sardinia","9.6649","40.9955",NULL,"0"
"Entella","Sardinia","9.4036","39.1384",NULL,"0"
"Giglio Island_(Cala Cupa)","N-Tyrrhenian","10.9200","42.3666",NULL,"0"
"joan proba","S-Alboran","1.3745","40.9692",NULL,"0"
"Estartit_demo","N-Catalan","3.2085","42.0403",NULL,"0"
"medes_demo","N-Catalan","3.2203","42.0458",NULL,"0"
"annaba (annaba province)","Algerian","7.5601","36.9922",NULL,"0"
"Giannutri(Punta San Francesco)","N-Tyrrhenian","11.1182","42.2523",NULL,"0"
"Isola Gallinara","Ligurian","8.2299","44.0246",NULL,"0"
"La Croce, Santo Stefano","Ligurian","7.8998","43.8291",NULL,"0"
"Porquerolles (Petit Sarranier)","Provence","6.2598","42.9971",NULL,"0"
"mase_konyol","test_nat","5.2848","28.2836",NULL,"0"
"Bozburun","S-Aegean","28.1513","36.8563",NULL,"0"
"Bozburun","S-Aegean","28.1513","36.8563",NULL,"0"
"Ibiza_(Ses-Bledes),","Balearic","-0.3735","38.2765",NULL,"0"
"Ancona_(Passetto)","Central Adriatic","13.5357","43.6173",NULL,"0"
"Torre Guaceto MPA","N-Tyrrhenian","17.8011","40.7303",NULL,"0"
"Miramare MPA","N-Adriatic","13.7085","45.7014",NULL,"0"
"Cinque Terre MPA","N-Tyrrhenian","9.6980","44.1154",NULL,"0"
"Capo Milazzo MPA","S-Tyrrhenian","15.2282","38.2853",NULL,"0"
"Isole Tremiti MPA","S-Adriatic","15.6059","42.1763",NULL,"0"
"Asinara MPA","N-Tyrrhenian","8.3316","41.1432",NULL,"0"
"Tavolara MPA","N-Tyrrhenian","9.7570","40.8592",NULL,"0"
"Isole di Ventotene e S. Stefano MPA","S-Tyrrhenian","13.4333","40.7917",NULL,"0"
"France (Marseille)","Provence","5.3858","43.1875",NULL,"0"
"Gocek Tersane Island","S-Aegean","28.9327","36.6690",NULL,"0"
"test_catalan_Marc","S-Catalan","2.9345","41.5638",NULL,"0"
"Kefalonia_(The Cliff)","E-Ionian","20.5623","38.4758",NULL,"0"
"MARTINHAL_SAGRES_SWPORTUGAL","test_nat","-8.9154","37.015",NULL,"0"
"MARTINHAL_SAGRES_SWPORTUGAL","Gibraltar Strait","-8.9154","37.0150",NULL,"0"
"Asinara","Sardinia","8.3240","41.1149",NULL,"0"
"Asinara","Sardinia","8.3387","41.1104",NULL,"0"
"Boka Kotorska Bay_(Dražin vrt)","S-Adriatic","18.7151","42.4829",NULL,"0"
"Boka Kotorska Bay_(Sopot)","S-Adriatic","18.6803","42.5098",NULL,"0"
"ibiza_Ses-Bledes","Balearic","1.2243","38.9213",NULL,"0"
"Asinara","Sardinia","8.3416","41.1078",NULL,"0"
"Asinara","Sardinia","8.3432","41.1089",NULL,"0"
"Stalida Diving Parlk","Crete","25.4277","35.3097",NULL,"0"
"AMP Cinque Terre","Ligurian","9.6366","44.1330",NULL,"0"
"Calpe (Alicante)","Levante_iberian","0.0708","38.6347",NULL,"0"
"Calpe (Alicante)","Levante_iberian","0.0708","38.6347",NULL,"0"
"Campello","Levante_iberian","0.5834","38.5543",NULL,"0"
"TABARCA","Levante_iberian","-0.4694","38.1604",NULL,"0"
"PUNTA PRIMA","Levante_iberian","-0.7061","37.9393",NULL,"0"
"Campello_(Barranc d'Aigües)","Levante_iberian","-0.3410","38.4550",NULL,"0"
"Denia_(Cabo de San Antonio)","Levante_iberian","0.1851","38.8115",NULL,"0"
"Alicante_(Isla de Tabarca)","Levante_iberian","-0.4694","38.1604",NULL,"0"
"Denia_(Cabo de San Antonio)","Levante_iberian","0.1851","38.8115",NULL,"0"
"Denia_(Cabo de San Antonio)","E-Levantine","0.1851","38.8115",NULL,"0"
"Cabo_de_Palos_(Islas_Hormigas)","Levante_iberian"," -0.647667"," 37.655194","0","0"
"ZEPA_Isla_Grosa","Levante_iberian"," -0.710528"," 37.730056","0","0"
"Mar_Menor_(Laguna)","Levante_iberian"," -0.782944"," 37.815500","0","0"
"Mar_Menor_(Canal)","Levante_iberian"," -0.720944"," 37.739639","0","0"
"W_Turkey_(Gökçeada)","N-Aegean","25.923611","40.24","0","0"
"SW_Turkey_(Bodrum)","S-Aegean","27.492778","36.9675","0","0"
"Giens Salis_Port-Cros","Provence","6.0963","43.0274","0","0"
"Giens Fourmigue_(Port-Cros)","Provence","6.0688","43.0394","0","0"
"Shikmona","E-Levantine","34.9541","32.8246","0","0"
"Achziv","E-Levantine","35.1038","33.0637","0","0"
"Habonim","E-Levantine","34.9197","32.6301","0","0"
"Palmachim","E-Levantine","34.6981","31.9302","0","0"
"test","Provence","5.3","43.2698","0","0"
"Carry-le-Rouet","Gulf_of_Lion","5.162000","43.322600","1997","1"
"Cape-Couronne","Gulf_of_Lion","5.055242","43.323166","1999","1"
"Marseille_(Riou-S)","Provence","5.389873","43.171963","1999","1"
"Port Cros_(NW, chanel-buoy)","Provence","6.377994","43.016405","1999","1"
"Medes_(Pota-del-Llop)","N-Catalan","3.225400","42.049700","2002","1"
"Bonifacio-W_(Park-buoy)","Corsica","9.135278","41.385278","2003","1"
"Menorca-N_(Illa-dels-Porros)","Balearic","4.077386","40.095033","2004","1"
"Scandola_(Palazzu-S)","Corsica","8.546350","42.380200","2004","1"
"Banyuls_(Park-buoy)","Gulf_of_Lion","3.170248","42.468100","2006","1"
"Columbretes_(Illa-Grossa)","S-Catalan","0.671092","39.891698","2007","1"
"Mallorca-S_(Cabrera-Imperial)","Balearic","2.960339","39.123721","2007","1"
"Cape-Creus-S_(El-Gat)","N-Catalan","3.261413","42.236976","2007","1"
"Cape-Creus-N_(Portalo)","Gulf_of_Lion","3.286557","42.333460","2007","1"
"Moines","Corsica","8.900833","41.443611","2008","1"
"Toro","Corsica","9.392167","41.506861","2008","1"
"StaresoABC","Corsica","8.7267","42.5806","2008","1"
"Kerkennah-S_22m","Tunisian"," 11.117117"," 34.517283","2008","1"
"Cutin","N-Adriatic","14.493333","44.724722","2009","1"
"Lavezzi","Corsica","9.238611","41.33333","2009","1"
"Kornati_(Mali Obrucan)","Central Adriatic","15.220000","43.836389","2009","1"
"Mejean","Gulf_of_Lion","5.224467","43.328350","2010","1"
"Agde","Gulf_of_Lion","3.538071","43.252280","2010","1"
"Cape-Morgiou","Provence","5.451883","43.201060","2010","1"
"Cassis_(Cassidaigne)","Provence","5.545700","43.145666","2010","1"
"Marseille_(Planier-Veyron)","Provence","5.252500","43.207467","2010","1"
"Marseille_(Planier-Souquet)","Provence","5.234667","43.199467","2010","1"
"NP Mljet","S-Adriatic","17.3881","42.7558","2010","1"
"PP Telašćica, Veli Garmenjak","Central Adriatic","15.1810","43.8657","2010","1"
"Ibiza_(Ses-Bledes)","Balearic","1.165637","38.969560","2011","1"
"Otranto_(Punta Palacia)","S-Adriatic","18.520887","40.107505","2011","1"
"MAGOBS","Gulf_of_Lion","3.873167","43.50022","2011","1"
"Lesvos Island_(Palios Reef)","S-Aegean","26.427867","39.332276","2012","1"
"NP Kornati - Mana","Central Adriatic","15.2623","43.8000","2012","1"
"Ischia_(SanPancrazio)","S-Tyrrhenian","13.9557","40.7017","2012","1"
"Mallorca_S_(Sa_Foradada)","Balearic","2.978533","39.205150","2013","1"
"Zembra","Tunisian","10.80","37.14","2013","1"
"Macinaggio","Corsica","9.4926","42.9864","2013","1"
"Sagro","Corsica","9.4949","42.7950","2013","1"
"Toga","Corsica","9.4585","42.7129","2013","1"
"Arinella","Corsica","9.4582","42.6672","2013","1"
"Favone","Corsica","9.4115","41.7249","2013","1"
"Chiappa","Corsica","9.3732","41.5899","2013","1"
"Cerbicales","Corsica","9.3668","41.5393","2013","1"
"Santamanza","Corsica","9.2475","41.4346","2013","1"
"LavezziRSP","Corsica","9.2665","41.3342","2013","1"
"LavezziGECT","Corsica","9.2522","41.3262","2013","1"
"SpargiettoGECT","Sardinia","9.3212","41.2454","2013","1"
"Bonifacio","Corsica","9.1984","41.3606","2013","1"
"Figari","Corsica","9.0491","41.4517","2013","1"
"Portopolo","Corsica","8.7678","41.7344","2013","1"
"Sagone","Corsica","8.6779","42.0971","2013","1"
"Porto","Corsica","8.6598","42.2627","2013","1"
"Calvi","Corsica","8.7285","42.5805","2013","1"
"Ilerousse","Corsica","8.9425","42.6471","2013","1"
"Canari","Corsica","9.3356","42.7874","2013","1"
"Toulon_(Cap Sicié)","Provence","5.8436","43.043217","2014","1"
"Ceuta_(Ciclón de fuera)","Gibraltar Strait","-5.298333","35.905278","2014","1"
"Menorca_(Illa_de_l'aire)","Balearic","4.288333","39.799722","2014","1"
"Menorca_(Illa_Porros_2)","Balearic","4.0775","40.088611","2014","1"
"SW Turkey_(Gökova Boncuk)","S-Aegean"," 28.197133","36.98360","2014","1"
"S Turkey_(Kas Kovanli island)","N-Levantine","29.62139","36.15194","2014","1"
"Kerkennah-S_2m","Tunisian","11.006150","34.570033","2014","1"
"SW_Turkey_(Gökova Koremen)","S-Aegean","28.124","36.939","2015","1"
"Portofino","Ligurian","9.165838","44.313724","2015","1"
"Brijuni-Kamik","N-Adriatic","13.760091"," 44.893658","2015","1"
"Vis_(Plocica)","Central Adriatic","16.26036111","43.06606667","2015","1"
"Vis_(Volici)","Central Adriatic","16.1934944444444","43.0856888888888","2015","1"
"Tabarca","S-Catalan","-0.431749","38.161318","2017","1"
"Lampedusa","Tunisian","12.62798","35.52058","2017","1"
"Bravone","Corsica","9.5802","42.1325","2017","1"
"Alcyone","Corsica","9.5762","42.3054","2017","1"
"Cap Corse_(Giraglia)","Corsica","9.4065","43.0281","2018","1"
"Pinna nobilis_Sardinaux","Provence","6.6754","43.306","2018","1"
"Portofino_Tonnarella","Ligurian","9.1460","44.3301","2018","1"
"Taverna","Corsica","9.5426","42.3400","2018","1"
"Cap Lardier_(Port-Cros)","Provence","6.6166","43.15","2019","1"
"Villefranche_(Causiniere)","Ligurian","7.3317","43.6746","2019","1"
"Isola del Giglio_(Punta Gabbianara)","N-Tyrrhenian","10.9207","42.3648","2019","1"
"Marseille_Figuier","Provence","5.44617","43.2055","2020","1"
"Mare Caldo - Greenpeace/DISTAV","N-Tyrrhenian","10.1264","42.8064","2020","1"
"Fethiye Bay Balaban Island","N-Levantine","29.0309","36.5569","2020","1"
"Capo Carbonara MPA","Sardinia","9.5248","39.0955","2020","1"
"Plemmirio MPA","Sicilia","15.3359","37.0011","2020","1"
"Cap Corse_(Canelle)","Corsica","9.3086","42.8352","2020","1"
"Ullastres","N-Catalan","3.2003","41.8880","2021","1"
"Sv_Marko_Brijuni National Park","N-Adriatic","13.7218","44.9438","2021","1"
"Grunj_Brijuni National Park","N-Adriatic","13.7179","44.9144","2021","1"
"Banco di Santa Croce","S-Tyrrhenian","14.4197","40.6726","2021","1"
"Formica di Porticello","S-Tyrrhenian","13.5674","38.0917","2021","1"
"Capo Spartivento","S-Tyrrhenian","15.2708","40.0223","2021","1"
"Costacuti (Anzio)","S-Tyrrhenian","12.6131","41.3672","2021","1"
"Santa Teresa di Gallura","Sardinia","9.2031","41.2567","2021","1"
"Genn'Emari (Gulf of Cagliari)","Sardinia","9.4036","39.1385","2021","1"
"Mortoriotto","Sardinia","9.6200","41.0865","2021","1"
"Cap Corse_(Sagro)","Corsica","9.4894","42.7877","2021","1"
"Isola di Bergeggi","Ligurian","8.4444","44.2333","2021","1"
"Elba(Picchi di Pablo)","N-Tyrrhenian","10.4349","42.7268","2021","1"
"Omis_(Mala luka)","Central Adriatic","16.7176","43.4149","2022","1"
"Capo Caccia_(Il Nereo)","Sardinia","8.1612","40.5610","2024","1"
