Project,Id,Date of observation,Latitude,Longitude,Observer,Upload date,Edition date,Highlighted,Highlight type,Validated,Species,Photo name,Comments,Editor,Editor comments,Link,Habitat,Depth,Abundance
Crustacis Decàpodes,423559,2024-01-21,39.9303,3.17744,Miquel Angel ,2024-02-15 07:30:53+00:00,2025-10-20 11:47:02.536413+00:00,No,No destacada,No,,MiquelAngelBonninNoguera_638435790537448201.webp,Es lo que parece una especie de crill que esta en la superficie y hay miles,,,https://www.observadoresdelmar.es/Observations/423559,,,100000
Crustacis Decàpodes,423565,2024-02-20,41.19794,1.67296,Pablo  Ruiz ,2024-02-20 14:27:56+00:00,2025-10-20 11:46:58.387923+00:00,No,No destacada,No,Xantho poressa,PabloRuiz_Xantho-poressa_638440360760014018.webp,,,,https://www.observadoresdelmar.es/Observations/423565,Pebble beach,,2
Crustacis Decàpodes,423581,2024-02-04,36.74808,-2.11524,Francisco Ruiz ,2024-02-21 00:38:34+00:00,2025-10-20 11:46:58.665996+00:00,No,No destacada,No,Inachus phalangium,FranciscoRuiz_Inachus-phalangium_638440727144616639.webp,Estaba en una charca intermareal junto a dos anémonas. En la fotografía se le ve dentro de una oquedad donde se refugió al verme,,,https://www.observadoresdelmar.es/Observations/423581,Rocks,,1
Crustacis Decàpodes,423595,2024-02-28,41.38588,2.19251,Òscar Chic Giménez ,2024-02-28 14:15:48+00:00,2024-12-02 08:38:01.034038+00:00,No,No destacada,No,,,,Òscar Chic Giménez ,,https://www.observadoresdelmar.es/Observations/423595,Pebble beach,9,1
Crustacis Decàpodes,423601,2024-02-11,36.72159,-3.72841, ,2024-02-29 18:54:15+00:00,2025-10-20 11:47:05.817187+00:00,No,No destacada,Yes,Percnon gibbesi,ClubUniversitariodeBuceoGranada_Percnon-gibbesi_638448296559195193.webp,,,,https://www.observadoresdelmar.es/Observations/423601,Rocks,3,1
Crustacis Decàpodes,423609,2024-01-24,40.62484,0.6636,Sofia Tapia Uceda,2024-03-01 14:10:19+00:00,2025-10-20 11:46:11.222541+00:00,No,No destacada,No,Pirimela denticulata,SofiaTapiaUceda_Pirimela-denticulata_638448990194116348.webp,,,,https://www.observadoresdelmar.es/Observations/423609,Mud,,1
Crustacis Decàpodes,423642,2024-03-06,41.38588,2.19251,Òscar Chic Giménez ,2024-03-06 10:08:54+00:00,2024-12-02 08:38:01.030122+00:00,No,No destacada,No,,,,Òscar Chic Giménez ,,https://www.observadoresdelmar.es/Observations/423642,Pebble beach,,
Crustacis Decàpodes,423657,2024-02-27,40.6257,0.66239,Patricia Prado Villegas,2024-03-08 08:40:51+00:00,2025-10-20 11:35:51.484626+00:00,No,No destacada,Yes,Eriphia verrucosa,PatriciaPradoVillegas_Eriphia-verrucosa_638454840508975099.webp,"Individus juvenils de 1,5-2 cm",,,https://www.observadoresdelmar.es/Observations/423657,Mud,1,2
Crustacis Decàpodes,423676,2024-03-17,39.79593,2.6758,Gerard pedrero ripoll ,2024-03-17 16:42:00+00:00,2025-10-20 11:36:29.023299+00:00,No,No destacada,Yes,Palinurus elephas,Gerardpedreroripoll_Palinurus-elephas_638462905205799823.webp,Temperatura 14 grados,,,https://www.observadoresdelmar.es/Observations/423676,Crevices,28,1
Crustacis Decàpodes,423729,2024-03-25,41.19801,1.67291,Pablo  Ruiz ,2024-03-25 16:09:16+00:00,2025-10-20 11:46:13.018280+00:00,No,No destacada,No,Maja crispata,PabloRuiz_Maja-crispata_638469797566331624.webp,,,,https://www.observadoresdelmar.es/Observations/423729,Pebble beach,,1
Crustacis Decàpodes,423746,2024-03-29,38.80667,0.19239,Itziar Burgues Martinez ,2024-03-30 21:51:36+00:00,2025-10-20 11:46:13.536664+00:00,No,No destacada,No,Scyllarides latus,ItziarBurguesMartinez_Scyllarides-latus_638474322968133317.webp,,,,https://www.observadoresdelmar.es/Observations/423746,Crevices,12,2
Crustacis Decàpodes,423747,2024-03-28,38.80942,0.18819,Itziar Burgues Martinez ,2024-03-30 21:53:11+00:00,2025-10-20 11:37:28.784718+00:00,No,No destacada,Yes,Inachus phalangium,ItziarBurguesMartinez_Inachus-phalangium_638474323912536793.webp,,,,https://www.observadoresdelmar.es/Observations/423747,Rocks,15,2
Crustacis Decàpodes,423748,2024-02-04,42.1148,3.16837,Itziar Burgues Martinez ,2024-03-30 21:56:14+00:00,2025-10-20 11:46:18.989778+00:00,No,No destacada,No,Scyllarus arctus,ItziarBurguesMartinez_Scyllarus-arctus_638474325744029669.webp,,,,https://www.observadoresdelmar.es/Observations/423748,Crevices,8,1
Crustacis Decàpodes,423749,2024-02-04,42.11463,3.16821,Itziar Burgues Martinez ,2024-03-30 21:59:58+00:00,2025-10-20 11:36:18.955698+00:00,No,No destacada,Yes,Palinurus elephas,ItziarBurguesMartinez_Palinurus-elephas_638474327987462300.webp,,,,https://www.observadoresdelmar.es/Observations/423749,Crevices,9,10
Crustacis Decàpodes,423766,2024-04-02,41.19792,1.67303,Pablo  Ruiz ,2024-04-03 01:15:01+00:00,2025-10-20 11:36:06.233643+00:00,No,No destacada,Yes,Xantho poressa,PabloRuiz_Xantho-poressa_638477037014566188.webp,,,,https://www.observadoresdelmar.es/Observations/423766,Rocks,,1
Crustacis Decàpodes,423781,2024-04-05,36.81113,-2.4296,Francisco Ruiz ,2024-04-05 16:33:47+00:00,2025-10-20 11:46:16.271657+00:00,No,No destacada,No,,FranciscoRuiz_638479316270421619.webp,"Tras la crecida del río Andarax, han aparecido centenares de decápodos muertos en la orilla. Estas fotos son fotogramas del video que he grabado con el móvil, 5 minutos. Hay varias especies, no identifico bien a los juveniles",,,https://www.observadoresdelmar.es/Observations/423781,Thick sandy beach,,
Crustacis Decàpodes,423785,2024-04-03,41.91701,3.20885,josep Vilanova Mancebo,2024-04-08 00:12:03+00:00,2025-10-20 11:46:16.676728+00:00,No,No destacada,No,,josepVilanovaMancebo_638481319233525675.webp,,,,https://www.observadoresdelmar.es/Observations/423785,Thick sandy beach,8,1
Crustacis Decàpodes,423798,2024-04-10,41.19772,1.67322,Pablo  Ruiz ,2024-04-10 16:55:45+00:00,2025-10-20 11:36:05.342217+00:00,No,No destacada,Yes,Pachygrapsus marmoratus,PabloRuiz_Pachygrapsus-marmoratus_638483649451009463.webp,,,,https://www.observadoresdelmar.es/Observations/423798,Rocks,,3
Crustacis Decàpodes,423808,2024-04-13,36.85846,-2.00421,Francisco Ruiz ,2024-04-13 18:55:30+00:00,2025-10-20 11:36:05.868835+00:00,No,No destacada,Yes,Eriphia verrucosa,FranciscoRuiz_638486313303240124.webp,Algunos ejemplares de buena talla en las charcas intermareal es de la zona de orilla rocosa,,,https://www.observadoresdelmar.es/Observations/423808,Rocks,,3
Crustacis Decàpodes,423809,2024-04-13,36.85854,-2.00401,Francisco Ruiz ,2024-04-13 18:57:43+00:00,2025-10-20 11:46:19.534529+00:00,No,No destacada,No,Pachygrapsus marmoratus,FranciscoRuiz_Pachygrapsus-marmoratus_638486314633908080.webp,"Ejemplares pequeños en su mayoría, aunque algunos eran de buena talla, como el de la fotografía. Estaban comiendo en la zona intermareal, en las charcas de la orilla rocosa",,,https://www.observadoresdelmar.es/Observations/423809,Rocks,,5
Crustacis Decàpodes,423810,2024-04-13,36.85844,-2.00418,Francisco Ruiz ,2024-04-13 19:04:59+00:00,2025-10-20 11:37:27.803969+00:00,No,No destacada,Yes,Palaemon elegans,FranciscoRuiz_Palaemon-elegans_638486318995498857.webp,Algunos individuos eran de gran talla. En charcas intermareal es de la orilla rocosa,,,https://www.observadoresdelmar.es/Observations/423810,Rocks,,7
Crustacis Decàpodes,423858,2024-04-18,39.93028,3.16731,Miquel Angel ,2024-04-19 07:22:02+00:00,2025-10-20 11:36:04.807768+00:00,No,No destacada,Yes,Palinurus elephas,MiquelAngelBonninNoguera_Palinurus-elephas_638491081220089701.webp,,,,https://www.observadoresdelmar.es/Observations/423858,Rocks,18,1
Crustacis Decàpodes,423922,2024-04-21,39.77994,2.66357,Gerard pedrero ripoll ,2024-04-21 18:57:38+00:00,2025-10-20 11:46:17.746760+00:00,No,No destacada,No,Periclimenes aegylios,Gerardpedreroripoll_Periclimenes-aegylios_638493226588826481.webp,,,,https://www.observadoresdelmar.es/Observations/423922,Rocks,14,1
Crustacis Decàpodes,424177,2024-05-01,39.81849,2.71062,Gerard pedrero ripoll ,2024-05-02 00:11:03+00:00,2025-10-20 11:46:18.015268+00:00,No,No destacada,No,Palinurus elephas,Gerardpedreroripoll_Palinurus-elephas_638502054632271658.webp,Temperatura del agua 16 celsius a 24m/en superficie 17 celsius,,,https://www.observadoresdelmar.es/Observations/424177,Rocks,24,1
Crustacis Decàpodes,424197,2024-05-04,41.27464,2.06432,Anna Soler Membrives,2024-05-05 16:27:59+00:00,2025-10-20 11:49:52.835763+00:00,No,No destacada,No,Lepas,AnnaSolerMembrives_Lepas-sp._638505232790427522.webp,"Sobre tronc de fusta, Delta del Llobregat",,,https://www.observadoresdelmar.es/Observations/424197,,,
Crustacis Decàpodes,424199,2024-05-05,43.63033,-5.7931,David Serrano  Pérez,2024-05-05 22:03:00+00:00,2025-10-20 11:37:27.361958+00:00,No,No destacada,Yes,Inachus,DavidSerranoPérez_Inachus-sp._638505433805018415.webp,"Vive en la base de las anémonas, es bastante común",,,https://www.observadoresdelmar.es/Observations/424199,Rocks,14,12
Crustacis Decàpodes,424206,2024-05-06,41.19978,1.67603,Pablo  Ruiz ,2024-05-06 14:07:00+00:00,2025-10-20 11:36:36.492242+00:00,No,No destacada,Yes,Callinectes sapidus,PabloRuiz_Callinectes-sapidus_638506012199904457.webp,,,,https://www.observadoresdelmar.es/Observations/424206,Mud,,4
Crustacis Decàpodes,424208,2024-05-06,41.19801,1.6728,Pablo  Ruiz ,2024-05-06 14:30:13+00:00,2025-10-20 11:46:18.530238+00:00,No,No destacada,No,Maja crispata,PabloRuiz_Maja-crispata_638506026139664602.webp,,,,https://www.observadoresdelmar.es/Observations/424208,Pebble beach,,1
Crustacis Decàpodes,424249,2024-05-08,41.19752,1.67316,Pablo  Ruiz ,2024-05-08 19:28:55+00:00,2025-10-20 11:36:03.744468+00:00,No,No destacada,Yes,Pachygrapsus marmoratus,PabloRuiz_Pachygrapsus-marmoratus_638507933349708668.webp,,,,https://www.observadoresdelmar.es/Observations/424249,Rocks,,12
Crustacis Decàpodes,424490,2024-05-19,41.82545,3.08563,Alejandro Castrillo Ramos,2024-05-20 23:04:04+00:00,2025-10-20 11:35:58.810769+00:00,No,No destacada,Yes,Palinurus elephas,AlejandroCastrilloRamos_Palinurus-elephas_638518430445187400.webp,,,,https://www.observadoresdelmar.es/Observations/424490,Rocks,17,2
Crustacis Decàpodes,424592,2024-05-27,39.41739,3.27042,Tatí Benjumea ,2024-05-27 19:51:08+00:00,2025-10-20 11:47:09.728656+00:00,No,No destacada,Yes,Percnon gibbesi,TatíBenjumea_Percnon-gibbesi_638524362682673391.webp,"Hay muchísimos en la bahía, hoy haciendo un muestreo he podido hacer una foto. ¿Cómo se pueden estudiar? ¿Hacen falta nansas? Gracias.",,,https://www.observadoresdelmar.es/Observations/424592,Crevices,,20
Crustacis Decàpodes,424593,2024-05-27,39.41956,3.26913,Tatí Benjumea ,2024-05-27 19:54:23+00:00,2025-10-20 11:37:29.301774+00:00,No,No destacada,Yes,Percnon gibbesi,TatíBenjumea_Percnon-gibbesi_638524364637551342.webp,"Bajo un sólo bloque métrico había unos 25 ejemplares, de diferentes tamaños. Y vimos muchos más durante el muestreo. ",,,https://www.observadoresdelmar.es/Observations/424593,Rocks,1,50
Crustacis Decàpodes,424639,2024-06-05,41.19977,1.67604,Pablo  Ruiz ,2024-06-05 23:36:27+00:00,2025-10-20 11:47:09.557054+00:00,No,No destacada,Yes,Callinectes sapidus,PabloRuiz_Callinectes-sapidus_638532273869708055.webp,,,,https://www.observadoresdelmar.es/Observations/424639,Mud,,4
Crustacis Decàpodes,424715,2024-05-12,41.0895004,1.2287199,Àngels Folch ,2024-06-14 15:04:45+00:00,2025-10-20 12:58:34.144842+00:00,No,No destacada,No,Dardanus calidus,ÀngelsFolch_Dardanus-calidus_638539742853251885.webp,"El vam trobar dins del derelicte, al primer pis. Portava enganxada una anemona calliactis parasitica",,,https://www.observadoresdelmar.es/Observations/424715,,16,1
Crustacis Decàpodes,424717,2024-06-14,41.19796,1.67299,Pablo  Ruiz ,2024-06-15 00:57:44+00:00,2025-10-20 11:46:20.819078+00:00,No,No destacada,No,Portumnus latipes,PabloRuiz_Portumnus-latipes_638540098649925369.webp,,,,https://www.observadoresdelmar.es/Observations/424717,Pebble beach,,1
Crustacis Decàpodes,424718,2024-06-15,41.19802,1.67285,Pablo  Ruiz ,2024-06-15 00:58:39+00:00,2025-10-20 11:46:25.834751+00:00,No,No destacada,No,,PabloRuiz_638540099190442613.webp,,,,https://www.observadoresdelmar.es/Observations/424718,Pebble beach,,1
Crustacis Decàpodes,424723,2024-06-16,40.93871,0.868,Àngels Folch ,2024-06-16 18:20:12+00:00,2025-10-20 11:46:04.507003+00:00,No,No destacada,No,Palinurus elephas,ÀngelsFolch_Palinurus-elephas_638541588124421537.webp,"Sólo vimos dos pero nos comentaron que habían más. La segunda quedó mal y no hemos podido aprovechar el vídeo, pero era muy grande.",,,https://www.observadoresdelmar.es/Observations/424723,Rocks,30,2
Crustacis Decàpodes,424724,2024-06-07,43.63585,-5.79585,David Serrano  Pérez,2024-06-16 18:33:37+00:00,2025-11-24 11:18:07.893191+00:00,No,No destacada,Yes,Cancer pagurus,DavidSerranoPérez_Cancer-pagurus_638541596177660066.webp,,,,https://www.observadoresdelmar.es/Observations/424724,Fine sandy beach,6,1
Crustacis Decàpodes,424768,2024-06-20,38.97291,1.28668,Pepín Valdés ,2024-06-20 23:25:10+00:00,2025-10-20 11:37:14.240062+00:00,No,No destacada,Yes,Pachygrapsus marmoratus,PepínValdés_Pachygrapsus-marmoratus_638545227097321940.webp,,,,https://www.observadoresdelmar.es/Observations/424768,Crevices,,2
Crustacis Decàpodes,424784,2024-06-22,38.35389,-0.42698,Sara Molina ,2024-06-23 13:46:32+00:00,2025-10-20 11:37:16.898190+00:00,No,No destacada,Yes,Eriphia verrucosa,SaraMolina_Eriphia-verrucosa_638547471920931813.webp,,,,https://www.observadoresdelmar.es/Observations/424784,Rocks,,1
Crustacis Decàpodes,424875,2024-06-27,42.29704,3.28916,Oscar Sagué Pla ,2024-07-01 17:36:18+00:00,2025-10-20 11:35:45.122018+00:00,No,No destacada,Yes,Eriphia verrucosa,OscarSaguéPla_Eriphia-verrucosa_638554521783827750.webp,,,,https://www.observadoresdelmar.es/Observations/424875,Rocks,1,1
Crustacis Decàpodes,424979,2024-07-07,41.82099,3.07293,Marc Julià ,2024-07-07 14:20:11+00:00,2025-10-20 11:46:07.392879+00:00,No,No destacada,No,Scyllarus arctus,MarcJulià_638559588115491863.webp,,,,https://www.observadoresdelmar.es/Observations/424979,Crevices,4,1
Crustacis Decàpodes,425018,2024-06-28,38.82163,0.1606,Guillem  Marti Hernando ,2024-07-09 20:27:58+00:00,2025-10-20 11:35:45.181312+00:00,No,No destacada,Yes,Palaemon serratus,GuillemMartiHernando_Palaemon-serratus_638561536784649831.webp,,,,https://www.observadoresdelmar.es/Observations/425018,Rocks,,10
Crustacis Decàpodes,425019,2024-06-28,38.82366,0.1591,Guillem  Marti Hernando ,2024-07-09 20:31:53+00:00,2025-10-20 11:46:26.530960+00:00,No,No destacada,No,Pagurus anachoretus,GuillemMartiHernando_Pagurus-anachoretus_638561539134484074.webp,,,,https://www.observadoresdelmar.es/Observations/425019,Rocks,,50
Crustacis Decàpodes,425065,2024-07-13,37.69075,-0.74527,Isabel  Rubio Pérez ,2024-07-14 12:41:22+00:00,2025-10-20 11:37:02.248908+00:00,No,No destacada,Yes,Callinectes sapidus,IsabelRubioPérez_Callinectes-sapidus_638565576822646465.webp,,,,https://www.observadoresdelmar.es/Observations/425065,Sea grasslands,2,1
Crustacis Decàpodes,425123,2024-06-24,39.53443,2.5923,Tatí Benjumea ,2024-07-15 10:27:24+00:00,2025-10-20 11:36:19.434263+00:00,No,No destacada,Yes,Percnon gibbesi,TatíBenjumea_Percnon-gibbesi_638566360441595371.webp,,,,https://www.observadoresdelmar.es/Observations/425123,Rocks,,3
Crustacis Decàpodes,425298,2024-07-10,39.92115,3.05647,Josep Vives ,2024-07-22 17:57:30+00:00,2025-11-24 12:03:37.070120+00:00,No,No destacada,Yes,Percnon gibbesi,JosepVives_Percnon-gibbesi_638572678506993545.webp,,,,https://www.observadoresdelmar.es/Observations/425298,Rocks,2,20
Crustacis Decàpodes,425403,2024-07-27,39.38368,2.77023,XISCO MANRESA PANIZA,2024-07-27 16:22:42+00:00,2025-11-24 12:03:37.091077+00:00,No,No destacada,Yes,Percnon gibbesi,XISCOMANRESAPANIZA_Percnon-gibbesi_638576941621766022.webp,,,,https://www.observadoresdelmar.es/Observations/425403,Rocks,2,10
Crustacis Decàpodes,425404,2024-07-02,39.14441,2.93632,Laura Pasalodos Barceló ,2024-07-27 18:56:10+00:00,2025-11-24 12:03:37.035474+00:00,No,No destacada,Yes,Percnon gibbesi,LauraPasalodosBarceló_Percnon-gibbesi_638577033700160270.webp,,,,https://www.observadoresdelmar.es/Observations/425404,Rocks,,4
Crustacis Decàpodes,425405,2024-06-22,39.58758,2.32915,Laura Pasalodos Barceló ,2024-07-27 18:58:24+00:00,2025-11-24 12:03:37.014509+00:00,No,No destacada,Yes,Percnon gibbesi,LauraPasalodosBarceló_Percnon-gibbesi_638577035042095948.webp,,,,https://www.observadoresdelmar.es/Observations/425405,Rocks,1,10
Crustacis Decàpodes,425406,2024-06-27,39.38132,2.77193,Laura Pasalodos Barceló ,2024-07-27 19:01:08+00:00,2025-11-24 12:03:37.025879+00:00,No,No destacada,Yes,Percnon gibbesi,LauraPasalodosBarceló_Percnon-gibbesi_638577036688692389.webp,,,,https://www.observadoresdelmar.es/Observations/425406,Rocks,1,25
Crustacis Decàpodes,425421,2024-07-26,39.45562,2.73845,Michel Massanet Ginard,2024-07-29 22:55:20+00:00,2025-11-24 12:03:36.949689+00:00,No,No destacada,Yes,Percnon gibbesi,MichelMassanetGinard_Percnon-gibbesi_638578905203621661.webp,Varios grupos de Percnon gibbesi en la misma zona.,,,https://www.observadoresdelmar.es/Observations/425421,Rocks,1,3
Crustacis Decàpodes,425425,2024-07-15,43.38817,-4.31876,Mario Alonso Terán ,2024-07-30 09:25:27+00:00,2025-11-24 12:03:36.580170+00:00,No,No destacada,Yes,Eriphia verrucosa,MarioAlonsoTerán_Eriphia-verrucosa_638579283277323134.webp,,,,https://www.observadoresdelmar.es/Observations/425425,Rocks,1,
Crustacis Decàpodes,425474,2024-07-28,39.7803,2.66338,Gerard  Pedrero ripoll ,2024-07-31 18:52:30+00:00,2025-10-20 11:46:22.285147+00:00,No,No destacada,No,Stenopus spinosus,GerardPedreroripoll_Stenopus-spinosus_638580487507984283.webp,Se encontraban en una cueva a unos 24grados de temperatura,,,https://www.observadoresdelmar.es/Observations/425474,Crevices,9,7
Crustacis Decàpodes,425483,2024-08-01,41.96064,3.23146,Martí Vilanova ,2024-08-01 11:04:47+00:00,2025-10-20 11:46:22.423969+00:00,No,No destacada,No,Palinurus elephas,MartíVilanova_Palinurus-elephas_638581070875838366.webp,#RetoJuvenilesLangosta,,,https://www.observadoresdelmar.es/Observations/425483,Crevices,15,10
Crustacis Decàpodes,425514,2024-07-29,27.77262,-15.69606,Ana Belen  Maldonado  León ,2024-08-02 19:36:36+00:00,2025-10-20 11:46:24.008385+00:00,No,No destacada,No,Grapsus adscensionis,AnaBelenMaldonadoLeón_Grapsus-adscensionis_638582241967646419.webp,,,,https://www.observadoresdelmar.es/Observations/425514,Rocks,,
Crustacis Decàpodes,425534,2024-08-03,39.405652,2.7432,XISCO MANRESA PANIZA,2024-08-03 17:58:50+00:00,2025-11-24 12:03:36.956433+00:00,No,No destacada,Yes,Percnon gibbesi,XISCOMANRESAPANIZA_Percnon-gibbesi_638583047303379536.webp,,,,https://www.observadoresdelmar.es/Observations/425534,Rocks,1,5
Crustacis Decàpodes,425563,2024-08-04,39.28777,3.02651,XISCO MANRESA PANIZA,2024-08-04 19:18:34+00:00,2025-11-24 12:03:36.513894+00:00,No,No destacada,Yes,Eriphia verrucosa,XISCOMANRESAPANIZA_Eriphia-verrucosa_638583959147184247.webp,,,,https://www.observadoresdelmar.es/Observations/425563,Rocks,1,1
Crustacis Decàpodes,425564,2024-08-04,39.28777,3.026651,XISCO MANRESA PANIZA,2024-08-04 19:19:58+00:00,2025-11-24 12:03:36.975545+00:00,No,No destacada,Yes,Percnon gibbesi,XISCOMANRESAPANIZA_Percnon-gibbesi_638583959985357090.webp,,,,https://www.observadoresdelmar.es/Observations/425564,Rocks,1,7
Crustacis Decàpodes,425648,2024-08-05,41.77153,3.00997,Josep M. Bas,2024-08-06 15:45:55+00:00,2024-08-06 15:45:55+00:00,No,No destacada,No,Percnon gibbesi,,,,,https://www.observadoresdelmar.es/Observations/425648,Pebble beach,2,2
Crustacis Decàpodes,425686,2024-08-06,37.62979,-0.69798,Pablo  Montoto Gasser,2024-08-08 18:27:21+00:00,2025-11-24 12:03:36.873423+00:00,No,No destacada,Yes,Percnon gibbesi,PabloMontotoGasser_Percnon-gibbesi_638587384418802738.webp,,,,https://www.observadoresdelmar.es/Observations/425686,Rocks,2,5
Crustacis Decàpodes,425759,2024-08-11,42.0475,3.199,Boris weitzmann ,2024-08-12 20:47:00+00:00,2025-11-24 11:18:08.078648+00:00,No,No destacada,Yes,Callinectes sapidus,Borisweitzmann_Callinectes-sapidus_638590924207191797.webp,,,,https://www.observadoresdelmar.es/Observations/425759,Fine sandy beach,1,3
Crustacis Decàpodes,425771,2024-08-11,36.72181,-2.18729,Francisco Ruiz ,2024-08-13 11:37:45+00:00,2024-08-13 11:37:45+00:00,No,No destacada,No,Percnon gibbesi,,"decenas de ejemplares forrajeando en los cantos rodados del fondo, que dominan los pirmeros 20m de la costa, hasta unos 2,5 m de profundidad. No tengo fotografías ya que la cámara se me estropeó hace unas semanas",,,https://www.observadoresdelmar.es/Observations/425771,Rocks,,100
Crustacis Decàpodes,425797,2024-04-13,42.04205,3.2287,Cristian Rodriguez Diez ,2024-08-13 17:54:56+00:00,2025-10-20 11:46:35.010251+00:00,No,No destacada,No,Homarus gammarus,CristianRodriguez_Homarus-gammarus_638591684967029122.webp,,,,https://www.observadoresdelmar.es/Observations/425797,Crevices,30,1
Crustacis Decàpodes,425808,2024-08-15,39.4858513,2.73792,Enrique Oñate Cabot,2024-08-15 13:38:01+00:00,2025-10-20 12:58:57.369682+00:00,No,No destacada,No,Pachygrapsus marmoratus,EnriqueOñateCabot_Pachygrapsus-marmoratus_638593258815037764.webp,,,,https://www.observadoresdelmar.es/Observations/425808,Rocks,,4
Crustacis Decàpodes,425809,2024-08-15,39.48585,2.73792,Enrique Oñate Cabot,2024-08-15 13:38:46+00:00,2025-11-24 12:03:36.518570+00:00,No,No destacada,Yes,Eriphia verrucosa,EnriqueOñateCabot_Eriphia-verrucosa_638593259261853809.webp,,,,https://www.observadoresdelmar.es/Observations/425809,Rocks,,1
Crustacis Decàpodes,425827,2024-07-12,39.1791801,-0.22934,Mario Rodr ,2024-08-16 23:28:50+00:00,2025-10-20 10:50:27.343181+00:00,No,No destacada,No,Pachygrapsus marmoratus,MarioRodr_Pachygrapsus-marmoratus_638594477303330652.webp,,,,https://www.observadoresdelmar.es/Observations/425827,Rocks,,
Crustacis Decàpodes,425828,2024-07-12,39.1791801,-0.22934,Mario Rodr ,2024-08-16 23:29:41+00:00,2025-10-20 10:50:27.670981+00:00,No,No destacada,No,Pachygrapsus marmoratus,MarioRodr_Pachygrapsus-marmoratus_638594477817113115.webp,,,,https://www.observadoresdelmar.es/Observations/425828,Rocks,,
Crustacis Decàpodes,425829,2024-07-12,39.1791801,-0.22934,Mario Rodr ,2024-08-16 23:30:37+00:00,2025-10-20 10:50:27.986334+00:00,No,No destacada,No,Pachygrapsus marmoratus,MarioRodr_Pachygrapsus-marmoratus_638594478377421761.webp,,,,https://www.observadoresdelmar.es/Observations/425829,Rocks,,
Crustacis Decàpodes,425862,2024-08-20,38.73788,1.443362,Luis Escriche Tur,2024-08-22 10:37:04+00:00,2025-10-20 11:46:31.464435+00:00,No,No destacada,No,Pachygrapsus marmoratus,LuisEscricheTur_Pachygrapsus-marmoratus_638599198241678676.webp,Estaven tots concentrats entre dues roques a la platja.,,,https://www.observadoresdelmar.es/Observations/425862,Rocks,,4
Crustacis Decàpodes,425863,2024-08-20,38.73788,1.443362,Luis Escriche Tur,2024-08-22 10:41:11+00:00,2025-11-24 12:03:36.525895+00:00,No,No destacada,Yes,Eriphia verrucosa,LuisEscricheTur_Eriphia-verrucosa_638599200711753356.webp,"Entre dues roques, hi havia aquest cranc, junt amb altres crancs negres (aparentment més abundant).",,,https://www.observadoresdelmar.es/Observations/425863,Rocks,,1
Crustacis Decàpodes,425867,2024-08-21,41.96137,3.23159,Martí Vilanova ,2024-08-22 12:52:07+00:00,2025-10-20 11:46:40.535175+00:00,No,No destacada,No,Dromia personata,MartíVilanova_Dromia-personata_638599279272831240.webp,,,,https://www.observadoresdelmar.es/Observations/425867,Rocks,20,1
Crustacis Decàpodes,425868,2024-08-21,41.96137,3.23159,Martí Vilanova ,2024-08-22 12:52:07+00:00,2025-10-20 11:46:40.661809+00:00,No,No destacada,No,Palinurus elephas,MartíVilanova_Palinurus-elephas_638599279273513908.webp,,,,https://www.observadoresdelmar.es/Observations/425868,Rocks,11,10
Crustacis Decàpodes,425890,2024-08-19,38.966934,1.2421,Luis Escriche Tur,2024-08-23 10:48:29+00:00,2025-10-20 11:46:32.727584+00:00,No,No destacada,No,Clibanarius erythropus,LuisEscricheTur_Clibanarius-erythropus_638600069093137259.webp,,,,https://www.observadoresdelmar.es/Observations/425890,Rocks,1,4
Crustacis Decàpodes,425905,2024-08-22,42.11482,3.17337,Itziar Burgues Martinez ,2024-08-25 14:35:39+00:00,2025-10-20 11:46:33.285180+00:00,No,No destacada,No,Palinurus elephas,ItziarBurguesMartinez_Palinurus-elephas_638601933391155687.webp,,,,https://www.observadoresdelmar.es/Observations/425905,Crevices,15,3
Crustacis Decàpodes,425906,2024-08-15,41.72149,2.94039,Itziar Burgues Martinez ,2024-08-25 14:36:38+00:00,2025-10-20 11:46:33.736577+00:00,No,No destacada,No,Inachus phalangium,ItziarBurguesMartinez_Inachus-phalangium_638601933985780315.webp,,,,https://www.observadoresdelmar.es/Observations/425906,Rocks,8,
Crustacis Decàpodes,425917,2024-07-13,43.3237,-2.4203,Sara Lizarza Mu ,2024-08-26 11:56:24+00:00,2025-10-20 11:46:41.303240+00:00,No,No destacada,No,Pachygrapsus marmoratus,SaraLizarzaMu_Pachygrapsus-marmoratus_638602701847259484.webp,Los cangrejos están tratando de comer un palito de surimi plastificado,,,https://www.observadoresdelmar.es/Observations/425917,Crevices,,3
Crustacis Decàpodes,425925,2024-08-26,36.97926,-1.89811,Francisco Ruiz ,2024-08-26 23:39:38+00:00,2024-08-26 23:39:38+00:00,No,No destacada,No,Percnon gibbesi,,"No son rocas, sino bloques de hormigón que conforman la escollera del puerto. Estaban forraje ando en las pequeñas algas que tapizan los bloques de esta zona del dique",,,https://www.observadoresdelmar.es/Observations/425925,Rocks,4,3
Crustacis Decàpodes,425938,2024-08-19,41.70136,2.87471,Jordi Boada,2024-08-27 16:12:10+00:00,2024-08-27 16:12:10+00:00,No,No destacada,No,Percnon gibbesi,,,,,https://www.observadoresdelmar.es/Observations/425938,Rocks,1,1
Crustacis Decàpodes,425961,2024-08-29,41.6738,2.80214,Itziar Burgues Martinez ,2024-08-29 23:11:09+00:00,2025-11-24 12:03:36.920955+00:00,No,No destacada,Yes,Percnon gibbesi,ItziarBurguesMartinez_Percnon-gibbesi_638605698697679817.webp,,,,https://www.observadoresdelmar.es/Observations/425961,Crevices,1,8
Crustacis Decàpodes,425981,2024-07-08,37.72319,-0.74544,Isabel  Rubio Pérez ,2024-08-31 11:40:49+00:00,2025-10-20 11:46:42.572731+00:00,No,No destacada,No,Palaemon elegans,IsabelRubioPérez_Palaemon-elegans_638607012490278011.webp,,,,https://www.observadoresdelmar.es/Observations/425981,Rocks,1,
Crustacis Decàpodes,426073,2024-09-07,40.06689,4.07926,José Antonio  ,2024-09-07 23:28:17+00:00,2025-11-24 11:18:08.163849+00:00,No,No destacada,Yes,Callinectes sapidus,JoséAntonioFayosSagüés_Callinectes-sapidus_638613484979320572.webp,Había sido comido por un pulpo. Sus restos estaban junto al agujero donde moraba el pulpo. Zona poco profunda con acúmulo de arena pero no era una playa.,,,https://www.observadoresdelmar.es/Observations/426073,Thick sandy beach,2,1
Crustacis Decàpodes,426096,2024-09-10,38.95667,1.19018,Giulio Tabacchi ,2024-09-10 16:28:55+00:00,2025-10-20 11:46:43.707264+00:00,No,No destacada,No,Clibanarius erythropus,GiulioMagnascoTabacchi_Clibanarius-erythropus_638615825353684711.webp,,,,https://www.observadoresdelmar.es/Observations/426096,Rocks,,
Crustacis Decàpodes,426098,2024-09-07,36.72104,-3.72798, ,2024-09-11 09:27:11+00:00,2025-10-20 11:46:44.516181+00:00,No,No destacada,No,Palinurus elephas,ClubUniversitariodeBuceoGranada_Palinurus-elephas_638616436319872069.webp,,,,https://www.observadoresdelmar.es/Observations/426098,Crevices,14,1
Crustacis Decàpodes,426177,2024-09-16,41.77123,3.03092,Martí Vilanova ,2024-09-18 15:00:18+00:00,2025-11-24 12:03:36.304714+00:00,No,No destacada,Yes,Ilia nucleus,MartíVilanova_Ilia-nucleus_638622684183136373.webp,,,,https://www.observadoresdelmar.es/Observations/426177,Rocks,10,1
Crustacis Decàpodes,426219,2024-09-20,41.19983,1.67599,Pablo  Ruiz ,2024-09-20 22:20:32+00:00,2025-11-24 11:18:08.156021+00:00,No,No destacada,Yes,Callinectes sapidus,PabloRuiz_Callinectes-sapidus_638624676322028520.webp,,,,https://www.observadoresdelmar.es/Observations/426219,Mud,,5
Crustacis Decàpodes,426291,2024-09-11,36.00327,-5.60668,Mario Alonso Terán ,2024-09-27 17:00:04+00:00,2025-10-20 11:46:46.640863+00:00,No,No destacada,No,,MarioAlonsoTerán_638630532047213535.webp,,,,https://www.observadoresdelmar.es/Observations/426291,Rocks,2,
Crustacis Decàpodes,426304,2024-09-28,39.84094,4.29818,Teresa ,2024-09-28 20:44:04+00:00,2025-10-20 11:46:51.303544+00:00,No,No destacada,No,Pachygrapsus marmoratus,Teresa_Pachygrapsus-marmoratus_638631530449338411.webp,,,,https://www.observadoresdelmar.es/Observations/426304,Pebble beach,,
Crustacis Decàpodes,426341,2024-07-30,36.71618,-3.54261, ,2024-09-30 16:35:57+00:00,2025-10-20 11:46:46.846136+00:00,No,No destacada,No,Portumnus latipes,ClubUniversitariodeBuceoGranada_Portumnus-latipes_638633109571927692.webp,,,,https://www.observadoresdelmar.es/Observations/426341,Fine sandy beach,4,1
Crustacis Decàpodes,426357,2024-09-24,43.4307,-4.80709,Alejandra Fernández González-Posada,2024-10-02 12:35:28+00:00,2025-10-20 11:46:47.825541+00:00,No,No destacada,No,Lepas,AlejandraFernándezGonzález-Posada_Lepas-sp._638634693283858509.webp,Estaba en la orilla de la playa en el arribazon,,,https://www.observadoresdelmar.es/Observations/426357,Fine sandy beach,,
Crustacis Decàpodes,426424,2024-10-04,41.19987,1.67623,Pablo  Ruiz ,2024-10-10 17:29:03+00:00,2025-11-24 11:18:08.124317+00:00,No,No destacada,Yes,Callinectes sapidus,PabloRuiz_Callinectes-sapidus_638641781436259055.webp,,,,https://www.observadoresdelmar.es/Observations/426424,Mud,,4
Crustacis Decàpodes,426463,2024-10-12,41.19813,1.67256,Pablo  Ruiz ,2024-10-12 18:08:13+00:00,2025-10-20 11:46:49.758889+00:00,No,No destacada,No,Portunus hastatus,PabloRuiz_Portunus-hastatus_638644437253544838.webp,Moribundo.,,,https://www.observadoresdelmar.es/Observations/426463,Fine sandy beach,,1
Crustacis Decàpodes,426470,2024-09-02,39.5317,2.56206,Michel Massanet Ginard,2024-10-13 14:10:40+00:00,2025-11-24 12:03:36.827936+00:00,No,No destacada,Yes,Percnon gibbesi,MichelMassanetGinard_Percnon-gibbesi_638644254407167893.webp,,,,https://www.observadoresdelmar.es/Observations/426470,Crevices,1,2
Crustacis Decàpodes,426471,2024-10-13,39.81751,2.71233,Mar Fuster Serra,2024-10-13 17:42:56+00:00,2025-10-20 11:46:52.608160+00:00,No,No destacada,No,,MarFusterSerra_638644381766020677.webp,"Se que no es un crustáceo, pero no sabía donde ponerlo. También tengo un vídeo donde se ve mejor. Es la primera vez que lo veo, pero la guía me ha dicho que lo han visto otras veces. Es invasor :(",,,https://www.observadoresdelmar.es/Observations/426471,Rocks,20,1
Crustacis Decàpodes,426509,2024-10-14,41.19989,1.67621,Pablo  Ruiz ,2024-10-14 18:54:58+00:00,2025-11-24 11:18:08.137685+00:00,No,No destacada,Yes,Callinectes sapidus,PabloRuiz_Callinectes-sapidus_638645288982203959.webp,Le faltan las pinzas.,,,https://www.observadoresdelmar.es/Observations/426509,Mud,,1
Crustacis Decàpodes,426549,2024-10-02,39.92855,3.0956,Beatriz Torres Hansjosten ,2024-10-16 11:15:42+00:00,2025-11-24 12:03:36.846135+00:00,No,No destacada,Yes,Percnon gibbesi,BeatrizTorresHansjosten_Percnon-gibbesi_638646741428622490.webp,"Observados varios grupos de 2-6 individuos sobre roca, presentando diversos tipos de comportamiento. La abundancia sería de unos 20 a 30 individuos en la zona observada. Diversos tamaños.",,,https://www.observadoresdelmar.es/Observations/426549,Rocks,2,20
Crustacis Decàpodes,426582,2024-10-20,41.1999,1.6762,Pablo  Ruiz ,2024-10-20 18:38:16+00:00,2025-11-24 11:18:08.242281+00:00,No,No destacada,Yes,Callinectes sapidus,PabloRuiz_Callinectes-sapidus_638650462967358944.webp,,,,https://www.observadoresdelmar.es/Observations/426582,Mud,,3
Crustacis Decàpodes,426691,2024-10-24,41.91634,3.21016,Martí Vilanova ,2024-10-25 11:55:16.146159+00:00,2025-10-20 11:48:09.003435+00:00,No,No destacada,No,Dardanus calidus,82a82a8b-3051-4b81-96ac-c00f82e9dcd1.webp,,,,https://www.observadoresdelmar.es/Observations/426691,Thick sandy beach,6,
Crustacis Decàpodes,426753,2024-10-28,41.19795,1.66986,Pablo  Ruiz ,2024-10-28 17:31:59.182240+00:00,2025-10-20 11:41:51.357591+00:00,No,No destacada,No,Maja brachydactyla,a9debaf1-5ad7-4db8-bbdb-3da2f9b2ea94.webp,,,,https://www.observadoresdelmar.es/Observations/426753,Fine sandy beach,,1
Crustacis Decàpodes,426846,2024-11-04,41.19816,1.67334,Pablo  Ruiz ,2024-11-04 20:09:23.645310+00:00,2025-11-24 11:18:08.237448+00:00,No,No destacada,Yes,Callinectes sapidus,2d28a89b-b9db-46a5-a12d-2ea0870918c2.webp,"Gran cantidad de mudas procedentes seguramente, de la laguna de la desembocadura del Foix, que hoy, después de mas de 4 años se abierto al mar, consecuencia de la crecida del pantano.",,,https://www.observadoresdelmar.es/Observations/426846,Rocks,,15
Crustacis Decàpodes,426905,2024-08-05,39.45469,2.73951,Michel Massanet Ginard,2024-11-12 16:36:33.445898+00:00,2025-11-24 12:03:36.465522+00:00,No,No destacada,Yes,Eriphia verrucosa,086425e3-492e-497a-843d-26016f38914e.webp,,,,https://www.observadoresdelmar.es/Observations/426905,Rocks,,1
Crustacis Decàpodes,426906,2024-11-09,39.44408,2.74427,Michel Massanet Ginard,2024-11-12 16:39:18.942485+00:00,2025-10-20 11:48:11.958036+00:00,No,No destacada,No,Dardanus calidus,b026d4f5-0c99-4388-bd12-0062a9a1aa5d.webp,Creo que es un Dardanus calidus. Entre arena y poseidonia,,,https://www.observadoresdelmar.es/Observations/426906,Sea grasslands,4,1
Crustacis Decàpodes,427022,2024-11-19,28.7115,-14.01736,Pepín Valdés ,2024-11-19 18:25:37.691811+00:00,2025-10-20 11:48:12.243640+00:00,No,No destacada,No,Grapsus adscensionis,b3393aa1-2f7a-4c51-a2b0-16707b4d6b45.webp,Gran cantidad en un tramo de 20 metros había más de 100 .entre grietas y con oleaje medio en la zona. Una maravilla natural .,,,https://www.observadoresdelmar.es/Observations/427022,Crevices,,15
Crustacis Decàpodes,427033,2024-10-19,43.3323,-1.9489,Sara Lizarza Mu ,2024-11-20 15:01:26.324762+00:00,2025-11-24 12:03:36.452455+00:00,No,No destacada,Yes,Eriphia verrucosa,afab15cc-1ad9-4e15-83af-50578a5c4c0c.webp,,,,https://www.observadoresdelmar.es/Observations/427033,Rocks,,1
Crustacis Decàpodes,427040,2024-09-23,43.4371681,-3.4388599,Marcus Gonzalez,2024-11-21 20:24:08.688228+00:00,2025-11-24 12:03:36.396208+00:00,No,No destacada,Yes,Eriphia verrucosa,c46c5e6c-100d-4a6e-8963-facdb2bf9b47.webp,"Se encuentran en la playa de San Martín, en la zona intermareal entre rocas y pozas. 
Entre los meses de julio, agosto y septiembre 2024 he podido observar a más 35 individuos de distinto tamaños",,,https://www.observadoresdelmar.es/Observations/427040,Rocks,,35
Crustacis Decàpodes,427143,2024-12-04,41.19823,1.67198,Pablo  Ruiz ,2024-12-04 11:24:41.138156+00:00,2025-10-20 11:35:45.488649+00:00,No,No destacada,No,Necora puber,12aaf88c-d392-4381-b882-6e14cac264cd.webp,,,,https://www.observadoresdelmar.es/Observations/427143,Fine sandy beach,,1
Crustacis Decàpodes,427828,2024-12-10,38.97615,1.30765,del mar N ,2024-12-13 12:12:52.255700+00:00,2025-11-24 11:18:08.210739+00:00,No,No destacada,Yes,Callinectes sapidus,dae7fff7-eed3-4adb-b22c-ae9318c77e8a.webp,este verano los nenes de piragüismo vieron otro !!,,,https://www.observadoresdelmar.es/Observations/427828,Fine sandy beach,,1
Crustacis Decàpodes,427860,2024-06-20,38.1565895,-0.452117,Andrés Izquierdo Muñoz,2024-12-17 11:03:02.211415+00:00,2025-10-20 12:57:16.737881+00:00,No,No destacada,No,Scyllarides latus,d05bafa5-6f9b-4bd0-a5f7-d3447759fec5.webp,,,,https://www.observadoresdelmar.es/Observations/427860,Rocks,25,1
Crustacis Decàpodes,427889,2024-12-17,41.19801,1.6729,Pablo  Ruiz ,2024-12-17 16:05:07.906823+00:00,2025-11-24 12:03:36.833782+00:00,No,No destacada,Yes,Percnon gibbesi,a84805c3-1b10-4db3-b187-d131d7deb7eb.webp,,,,https://www.observadoresdelmar.es/Observations/427889,Rocks,,2
Crustacis Decàpodes,427938,2024-12-28,39.72406,3.45904,CC Champion Campbell ,2024-12-28 21:49:10.081016+00:00,2025-10-20 11:36:21.414160+00:00,No,No destacada,No,Lepas,ea4bad30-d1f1-49a3-8862-1708be93ef81.webp,they were found on a float washed ashore. this float is normally within 50m of the shore. however off shore at a depth of 1m they have attached to metal boat within 3 days no photos on that occasion.,,,https://www.observadoresdelmar.es/Observations/427938,,1,8
Crustacis Decàpodes,427960,2025-01-07,41.19821,1.67209,Pablo  Ruiz ,2025-01-07 17:00:38.387711+00:00,2025-11-24 11:18:08.314792+00:00,No,No destacada,Yes,Callinectes sapidus,bb320c59-69d6-4369-9af3-71f735d10bf7.webp,,,,https://www.observadoresdelmar.es/Observations/427960,Pebble beach,,1
Crustacis Decàpodes,427985,2025-01-14,41.19809,1.67272,Pablo  Ruiz ,2025-01-14 15:10:54.605064+00:00,2025-10-20 11:36:31.604481+00:00,No,No destacada,No,,17f301ce-526e-4ad6-8a99-d74adae321b7.webp,,,,https://www.observadoresdelmar.es/Observations/427985,Pebble beach,,1
Crustacis Decàpodes,427986,2025-01-14,41.19805,1.6729,Pablo  Ruiz ,2025-01-14 15:12:21.173289+00:00,2025-10-20 11:36:37.001618+00:00,No,No destacada,No,Xantho poressa,2a23d2a2-809a-4834-aa24-27cd5ef672c8.webp,,,,https://www.observadoresdelmar.es/Observations/427986,Pebble beach,,1
Crustacis Decàpodes,428000,2025-01-20,41.19813,1.67244,Pablo  Ruiz ,2025-01-20 18:43:56.119778+00:00,2025-11-24 12:03:36.760744+00:00,No,No destacada,Yes,Percnon gibbesi,5677ac24-7058-4068-8773-08f67af1eee0.webp,,,,https://www.observadoresdelmar.es/Observations/428000,Pebble beach,,2
Crustacis Decàpodes,428001,2025-01-20,41.19821,1.67231,Pablo  Ruiz ,2025-01-20 18:45:00.590070+00:00,2025-10-20 11:36:44.702597+00:00,No,No destacada,No,Pachygrapsus marmoratus,4d8bc186-4451-4566-b55b-dd19350f46f4.webp,,,,https://www.observadoresdelmar.es/Observations/428001,Pebble beach,,1
Crustacis Decàpodes,428019,2025-01-23,41.19801,1.67286,Pablo  Ruiz ,2025-01-24 15:01:11.495156+00:00,2025-10-20 11:36:48.657623+00:00,No,No destacada,No,Xantho poressa,3398a515-6044-4aed-ad1e-e2611745eecc.webp,,,,https://www.observadoresdelmar.es/Observations/428019,Pebble beach,,1
Crustacis Decàpodes,428020,2024-08-09,42.40015,-8.80053,@Sevenn_Seas ,2025-01-24 19:12:00.995877+00:00,2025-10-20 11:36:54.606015+00:00,No,No destacada,No,Necora puber,b3523fb4-c888-4abe-8730-39c725527bbe.webp,,,,https://www.observadoresdelmar.es/Observations/428020,Crevices,2,1
Crustacis Decàpodes,428065,2025-02-07,41.19611,1.65472,Pablo  Ruiz ,2025-02-07 13:51:00.283269+00:00,2025-10-20 11:35:45.858235+00:00,No,No destacada,No,Maja crispata,e8c0eb37-bab8-496c-b6d7-f8c06985a86c.webp,,,,https://www.observadoresdelmar.es/Observations/428065,Rocks,,1
Crustacis Decàpodes,428075,2025-02-09,42.6573906,-8.7450895,Roc ,2025-02-09 12:50:57.778718+00:00,2025-11-24 11:18:07.993474+00:00,No,No destacada,Yes,Pachygrapsus marmoratus,aa926e7e-adb3-414a-9cbb-23d7e7c6cb99.webp,"Foto realizada en la Ría de Arousa por alumnado de ESO del IES O Carril para el proyecto Erasmus+ ""Enviando olas desde el océano de Carril"", en el que la protección medioambiental y el aprendizaje sobre nuestro entorno son objetivos clave.",,"He corregido la identificación, se trata de Pachygrapsus marmoratus, no Callinectes sapidus",https://www.observadoresdelmar.es/Observations/428075,Thick sandy beach,,
Crustacis Decàpodes,428076,2025-01-02,42.6573906,-8.7450895,Roc ,2025-02-09 12:52:15.300401+00:00,2025-11-24 11:18:08.006717+00:00,No,No destacada,Yes,Carcinus maenas,51a8cab1-eedd-4d95-abbf-c46e76f354d3.webp,"Foto realizada en la Ría de Arousa por alumnado de ESO del IES O Carril para el proyecto Erasmus+ ""Enviando olas desde el océano de Carril"", en el que la protección medioambiental y el aprendizaje sobre nuestro entorno son objetivos clave.",,,https://www.observadoresdelmar.es/Observations/428076,Thick sandy beach,,
Crustacis Decàpodes,428077,2025-02-02,42.6573906,-8.7450895,Roc ,2025-02-09 12:54:39.090009+00:00,2025-11-24 11:18:08.077670+00:00,No,No destacada,Yes,Carcinus maenas,7cb20f24-2d54-4dd5-b47a-8afad0287981.webp,"Foto realizada en la Ría de Arousa por alumnado de ESO del IES O Carril para el proyecto Erasmus+ ""Enviando olas desde el océano de Carril"", en el que la protección medioambiental y el aprendizaje sobre nuestro entorno son objetivos clave.",,"He corregido la identificación, no se trata de Callinectes sapidus, sino de Carcinus maenas, llamado comúnmente cangrejo verde",https://www.observadoresdelmar.es/Observations/428077,Thick sandy beach,,
Crustacis Decàpodes,428078,2024-12-19,42.6573906,-8.7450895,Roc ,2025-02-09 12:57:21.202964+00:00,2025-10-20 13:01:37.676681+00:00,No,No destacada,No,Portumnus latipes,29748eba-b48c-4b16-ac4c-04417bf79072.webp,"Foto realizada en la Ría de Arousa por alumnado de ESO del IES O Carril para el proyecto Erasmus+ ""Enviando olas desde el océano de Carril"", en el que la protección medioambiental y el aprendizaje sobre nuestro entorno son objetivos clave.",,,https://www.observadoresdelmar.es/Observations/428078,Sea grasslands,,
Crustacis Decàpodes,428116,2025-02-15,41.40995,2.22738,Francesc Fabra ,2025-02-19 07:29:04.812000+00:00,2025-10-20 11:35:45.988225+00:00,No,No destacada,No,Pagurus cuanensis,9e0c9bb0-6317-417c-b809-6530523fb7c3.webp,son 2 exemplars a la imatge,,,https://www.observadoresdelmar.es/Observations/428116,Rocks,3,2
Crustacis Decàpodes,428128,2025-02-23,39.8725589,4.1321873,Ricard Pujol,2025-02-23 20:41:38.594495+00:00,2025-11-24 11:18:08.316413+00:00,No,No destacada,Yes,Callinectes sapidus,d3fac026-3709-40c6-85f8-e515b3d06f1b.webp,A cala en port sha creat ( causat per la dana) un aiguamoll molt gran on estan proliferant espwcies invasores,,,https://www.observadoresdelmar.es/Observations/428128,,,
Crustacis Decàpodes,428140,2024-09-29,39.52261,2.46735,SONIA BLANCO PEREIRA,2025-02-27 12:54:03.151487+00:00,2025-11-24 12:03:36.766878+00:00,No,No destacada,Yes,Percnon gibbesi,303818a8-afa6-4065-a688-98e5c258d606.webp,"En la foto, en la roca de la izquierda hay 2 ejemplares de Percnon Gibbesi, de lado, de color rojizo. En la roca de la derecha, otro de un color más oscuro (parecía negro), más grande y con las patas más gruesas. Tengo vídeo",,,https://www.observadoresdelmar.es/Observations/428140,Rocks,2,
Crustacis Decàpodes,428262,2024-08-18,38.6284,0.02981,Abel Miravalles Caballero,2025-04-06 15:44:12.883781+00:00,2025-11-24 12:03:36.789705+00:00,No,No destacada,Yes,Percnon gibbesi,9c5c1ec0-14ac-41a6-90a3-73230b0ff073.webp,En la foto tan solo se observan 3 ejemplares de los 5 que habían en el piso infralitoral entre las rocas. Se trata de una imagen extraída de un vídeo.,,,https://www.observadoresdelmar.es/Observations/428262,Rocks,1,5
Crustacis Decàpodes,428317,2025-04-13,39.9222794,3.8247099,Genis Mir Baigol ,2025-04-14 13:38:07.848763+00:00,2025-10-20 13:01:04.967260+00:00,No,No destacada,No,Scyllarides latus,c369bcf9-9ef8-4a41-b5a7-6ffeb8cfbe2f.webp,,,,https://www.observadoresdelmar.es/Observations/428317,Crevices,10,1
Crustacis Decàpodes,428318,2025-04-08,39.9982681,3.7980499,Genis Mir Baigol ,2025-04-14 13:39:44.273397+00:00,2025-10-20 13:02:07.638808+00:00,No,No destacada,No,,8f9a8d70-ce11-46ba-b826-aa8d7112a6c0.webp,,,,https://www.observadoresdelmar.es/Observations/428318,,,
Crustacis Decàpodes,428319,2025-04-11,40.0259285,4.1952,Genis Mir Baigol ,2025-04-14 13:44:06.748133+00:00,2025-10-20 13:02:08.454546+00:00,No,No destacada,No,Dromia personata,a88d459a-71a5-42ca-a450-99890b942e3a.webp,"Esta siempre ahí, en una cueva, pero no tiene esponjas ni nada incrustado.",,,https://www.observadoresdelmar.es/Observations/428319,Crevices,15,1
Crustacis Decàpodes,428320,2025-04-12,39.9900672,3.8371328,Genis Mir Baigol ,2025-04-14 13:47:35.403698+00:00,2025-10-20 11:36:25.068446+00:00,No,No destacada,No,Athanas nitescens,46e1d4f3-4c39-40e0-b6bd-252e7b9e2d37.webp,"He observado una, pero seguro que hay mucha abundancia, tiene una parte verdosa en parte cefálica, creo que está correctamente identificada, pero es dificil. Si es necesario tengo video donde se observa mejor.",,,https://www.observadoresdelmar.es/Observations/428320,Fine sandy beach,5,1
Crustacis Decàpodes,428513,2025-04-30,39.7211,3.46715,Gigi Torras ,2025-04-30 15:52:54.709985+00:00,2025-10-20 11:36:34.581227+00:00,No,No destacada,No,Scyllarides latus,891405fb-790f-4406-8c63-1540bfc57470.webp,,,,https://www.observadoresdelmar.es/Observations/428513,Rocks,12,1
Crustacis Decàpodes,428517,2025-04-26,40.06759,0.12613,Abel Miravalles Caballero,2025-05-01 21:03:11.309713+00:00,2025-10-20 11:37:09.938765+00:00,No,No destacada,No,Pachygrapsus marmoratus,a36b8610-8ab8-469e-8d2c-e92ad05f92cf.webp,"Pachygrapusus marmoratus es común en esta zona del litoral intermareal de Oropesa caracterizado por zonas rocosas, grietas y charcas donde se encuentra con abundancia. Comparte hábitat con otras especies de decápodos como Eriphia verrucosa.",,,https://www.observadoresdelmar.es/Observations/428517,Rocks,,3
Crustacis Decàpodes,428535,2025-04-10,28.15373,-16.43045,Martí Vilanova ,2025-05-06 07:23:19.506502+00:00,2025-10-20 11:37:18.530162+00:00,No,No destacada,No,Platypodiella picta,2e86eec3-8183-4d5a-9e6d-b990d9a3d75b.webp,,,,https://www.observadoresdelmar.es/Observations/428535,Rocks,2,1
Crustacis Decàpodes,428551,2025-05-10,39.83241,2.7458,Gerard  Pedrero ripoll ,2025-05-10 18:55:59.555262+00:00,2025-10-20 11:37:32.777643+00:00,No,No destacada,No,Scyllarides latus,459ded98-89cf-46fe-93f7-e5b6150e99ef.webp,,,,https://www.observadoresdelmar.es/Observations/428551,Crevices,4,2
Crustacis Decàpodes,428552,2025-05-09,39.52802,2.43765,Michel Massanet Ginard,2025-05-11 07:04:14.060876+00:00,2025-10-20 11:37:38.642792+00:00,No,No destacada,No,Dardanus calidus,94d94440-7de6-4815-8600-942b6d0aebec.webp,Buceo nocturno. Encontrada la muda del individuo de la foto.,,,https://www.observadoresdelmar.es/Observations/428552,Rocks,12,2
Crustacis Decàpodes,428615,2025-05-16,41.19767,1.67306,Pablo  Ruiz ,2025-05-16 18:06:42.823067+00:00,2025-10-20 11:35:47.244551+00:00,No,No destacada,No,Pachygrapsus marmoratus,b6231150-f89c-4df2-930a-8ba5924f5ef4.webp,,,,https://www.observadoresdelmar.es/Observations/428615,Rocks,,10
Crustacis Decàpodes,428631,2025-05-17,38.6356316,0.07929,Jorge ,2025-05-20 09:42:15.190540+00:00,2025-10-20 13:14:05.361457+00:00,No,No destacada,No,Scyllarides latus,f1f25cfa-22b4-4dcd-8bf4-7048cdb5944e.webp,,,,https://www.observadoresdelmar.es/Observations/428631,Rocks,19,1
Crustacis Decàpodes,428641,2025-05-12,39.99782,3.79933,Naomi Marti,2025-05-22 12:48:53.871701+00:00,2025-10-20 11:36:22.446603+00:00,No,No destacada,No,Scyllarides latus,b8c21c78-c765-4224-a2a1-a65fdb506aff.webp,"seen twice in two days, inside a cave, very low light, sandy bottom, during the day",,,https://www.observadoresdelmar.es/Observations/428641,Rocks,10,1
Crustacis Decàpodes,428642,2025-05-19,40.00184,3.79625,Naomi Marti,2025-05-22 13:15:37.850671+00:00,2025-10-20 11:36:25.595108+00:00,No,No destacada,No,Scyllarides latus,1683f54a-81af-48c6-96ad-9420d142ecd6.webp,"seen during the day, on the side of a big rock",,,https://www.observadoresdelmar.es/Observations/428642,Rocks,15,1
Crustacis Decàpodes,428643,2025-05-08,39.99791,3.79928,Naomi Marti,2025-05-22 13:20:34.147049+00:00,2025-10-20 11:36:35.095134+00:00,No,No destacada,No,Lysmata seticaudata,1dff24ec-c2b2-419a-a002-2b2a902d72f3.webp,"seen many times in a cave, very dark environment with sandy bottom, max 2 at once",,,https://www.observadoresdelmar.es/Observations/428643,Rocks,10,2
Crustacis Decàpodes,428645,2024-07-03,40.73187,0.83289,Ester Moreno Domínguez,2025-05-23 09:18:58.800172+00:00,2025-10-20 11:36:36.532090+00:00,No,No destacada,No,,a79da3f0-5b73-43b1-a031-a9e5e6caed07.webp,Cangrejo pequeño (4mm) con mancha blanca encima. Es un video,,,https://www.observadoresdelmar.es/Observations/428645,Fine sandy beach,1,1
Crustacis Decàpodes,428650,2025-05-02,39.9982796,3.8008499,Naomi Marti,2025-05-23 13:17:36.328296+00:00,2025-10-20 13:14:43.983063+00:00,No,No destacada,No,Paguristes eremita,9720832f-353a-4723-92d4-4b81f9ae001f.webp,"inside a cave, very low light and sandy bottom, where on the wall or on the sand",,,https://www.observadoresdelmar.es/Observations/428650,Rocks,12,3
Crustacis Decàpodes,428722,2025-06-01,38.99604,1.28512,Agua Man,2025-06-01 20:11:34.875954+00:00,2025-10-20 11:37:04.986607+00:00,No,No destacada,No,,935f7ee3-b03b-4b3a-83bd-e6efd2c55810.webp,"Dentro de una pequeña cueva con fondo de arena no más de 6 7 metros de profunda la cueva, consejo pon que pueda subir video porque fotos no hago tengo gopro videos los que quieras",,,https://www.observadoresdelmar.es/Observations/428722,Fine sandy beach,10,1
Crustacis Decàpodes,428723,2025-06-01,38.99604,1.28512,Agua Man,2025-06-01 20:11:40.141046+00:00,2025-10-20 11:37:11.009301+00:00,No,No destacada,No,,2a319e9b-468f-426c-898f-d67e1376f1fb.webp,"Dentro de una pequeña cueva con fondo de arena no más de 6 7 metros de profunda la cueva, consejo pon que pueda subir video porque fotos no hago tengo gopro videos los que quieras",,,https://www.observadoresdelmar.es/Observations/428723,Fine sandy beach,10,1
Crustacis Decàpodes,428724,2025-05-17,41.49316,2.51552,Jaume Alaball Mart ,2025-06-02 09:09:42.211361+00:00,2025-10-20 11:37:36.300041+00:00,No,No destacada,No,Homarus gammarus,754ddb2a-f969-4974-826d-ec7c311489ec.webp,,,,https://www.observadoresdelmar.es/Observations/428724,Crevices,16,1
Crustacis Decàpodes,2000062,2025-05-31,38.62621,0.02778,Jorge ,2025-06-04 14:47:04.279161+00:00,2025-10-20 10:44:25.273133+00:00,No,No destacada,No,Dardanus calidus,afed1719-09c3-4d39-950d-aafc403d57d4.webp,Acompañado de un poliqueto de la familia Sabellidae,,,https://www.observadoresdelmar.es/Observations/2000062,Rocks,9,1
Crustacis Decàpodes,2000066,2025-05-31,38.50072,-0.13104,Sara Molina ,2025-06-05 10:21:53.322048+00:00,2025-11-24 12:03:36.398812+00:00,No,No destacada,Yes,Eriphia verrucosa,615c86bf-e102-49bd-a74d-b8e772c3aba9.webp,,,,https://www.observadoresdelmar.es/Observations/2000066,Rocks,,1
Crustacis Decàpodes,2000069,2025-06-01,39.44973,2.74264,Maria del Mar ,2025-06-06 14:47:37.566608+00:00,2025-11-24 12:03:36.731638+00:00,No,No destacada,Yes,Percnon gibbesi,8d4eabea-4424-495f-92bd-f3d9864aa406.webp,,,,https://www.observadoresdelmar.es/Observations/2000069,Rocks,1,1
Crustacis Decàpodes,2000080,2025-06-10,39.92499,4.00316,José Antonio  ,2025-06-10 17:32:12.797910+00:00,2025-11-24 12:03:36.675960+00:00,No,No destacada,Yes,Percnon gibbesi,86e52f90-54d2-4bf6-b34a-20053ce33bfc.webp,Situados entre 1 y 2 metros de profundidad entre rocas. Alimentándose de pequeñas algas incrustadas en las rocas.,,,https://www.observadoresdelmar.es/Observations/2000080,Rocks,2,12
Crustacis Decàpodes,2000147,2025-06-17,39.93914,3.95801,José Antonio  ,2025-06-17 21:20:59.280578+00:00,2025-11-24 11:18:08.274131+00:00,No,No destacada,Yes,Callinectes sapidus,2da140c4-edb8-4027-a1fa-2c8d6dbe4125.webp,Ejemplar de pequeño tamaño.10-15 cm de caparazón. A 30 cm de profundidad en muelle de embarque,,,https://www.observadoresdelmar.es/Observations/2000147,Mud,,1
Crustacis Decàpodes,2000180,2025-06-18,39.9222794,3.8247099,Genis Mir Baigol ,2025-06-21 09:56:19.677671+00:00,2025-06-21 09:56:19.677682+00:00,No,No destacada,No,Scyllarides latus,,"No hay foto, pero es una especia que no hay confusión",,,https://www.observadoresdelmar.es/Observations/2000180,Crevices,8,1
Crustacis Decàpodes,2000182,2025-06-18,39.9222794,3.8247099,Genis Mir Baigol ,2025-06-21 09:59:15.590239+00:00,2025-10-20 10:50:54.005962+00:00,No,No destacada,No,Dardanus calidus,326ab12d-b62e-4adb-aeb2-0842ae50c019.webp,"Estaba juntamente con otro ermitaño de tamaño muy inferior, cara a cara.",,,https://www.observadoresdelmar.es/Observations/2000182,Crevices,9,1
Crustacis Decàpodes,2000187,2025-06-21,39.4777,2.7222,XISCO MANRESA PANIZA,2025-06-21 12:10:24.685009+00:00,2025-11-24 12:03:36.721670+00:00,No,No destacada,Yes,Percnon gibbesi,2a2facfd-8db1-48a7-b111-a97f52640258.webp,,,,https://www.observadoresdelmar.es/Observations/2000187,Rocks,2,5
Crustacis Decàpodes,2000202,2025-06-20,39.00293,1.29253,Eva García Ortiz ,2025-06-21 18:32:11.959257+00:00,2025-11-24 12:03:36.659957+00:00,No,No destacada,Yes,Percnon gibbesi,727ff86e-1e8e-47b2-8494-04fdbb9ff729.webp,En las rocas de la orilla,,,https://www.observadoresdelmar.es/Observations/2000202,Rocks,1,
Crustacis Decàpodes,2000249,2025-05-25,39.9982796,3.8008499,Naomi Marti,2025-06-28 17:40:03.413962+00:00,2025-10-20 13:14:30.711971+00:00,No,No destacada,No,Lysmata seticaudata,940283c6-2b4a-42ec-98df-0cb8daf5b3ce.webp,size of a hand with antenna,,,https://www.observadoresdelmar.es/Observations/2000249,Crevices,10,3
Crustacis Decàpodes,2000250,2025-05-26,39.9982796,3.8008499,Naomi Marti,2025-06-28 17:41:28.928762+00:00,2025-10-20 13:14:31.262916+00:00,No,No destacada,No,Paguristes eremita,eea66145-a075-439b-8905-b3c076aac641.webp,,,,https://www.observadoresdelmar.es/Observations/2000250,Crevices,10,2
Crustacis Decàpodes,2000253,2025-06-07,39.9771805,3.83338,Naomi Marti,2025-06-28 18:01:22.710030+00:00,2025-10-20 13:15:13.748892+00:00,No,No destacada,No,Calcinus tubularis,6bc4e266-b3b6-4783-8641-2457cc2b7937.webp,so tiny I couldn't understand what it was with my eye. It was in between blocks of cement of the desalinization pipes,,,https://www.observadoresdelmar.es/Observations/2000253,,11,1
Crustacis Decàpodes,2000256,2025-06-28,39.33306,3.17897,XISCO MANRESA PANIZA,2025-06-28 20:07:04.728057+00:00,2025-11-24 12:03:36.395258+00:00,No,No destacada,Yes,Eriphia verrucosa,ab758109-d9a4-47c3-94c0-60d8827acaaa.webp,"2 ejemplares, uno a 0 metros y el otro a 1metro",,,https://www.observadoresdelmar.es/Observations/2000256,Rocks,,2
Crustacis Decàpodes,2000259,2025-06-16,39.9222984,3.8250899,Naomi Marti,2025-06-29 07:45:10.215689+00:00,2025-10-20 10:50:18.460514+00:00,No,No destacada,No,Dardanus calidus,a63c76b5-532f-4c75-9c5c-bf57040918e5.webp,"bigger than a fist, inside a kind of tunnel / cavern",,,https://www.observadoresdelmar.es/Observations/2000259,Rocks,10,1
Crustacis Decàpodes,2000260,2025-06-16,39.9222984,3.8250899,Naomi Marti,2025-06-29 07:46:54.986148+00:00,2025-10-20 10:50:18.990790+00:00,No,No destacada,No,Paguristes eremita,8047b7f0-eda6-4e8c-91b7-b371f9087383.webp,"inside a tunnel / cavern, in the shade,size of the palm of the hand",,,https://www.observadoresdelmar.es/Observations/2000260,Rocks,10,1
Crustacis Decàpodes,2000262,2025-06-11,39.9982796,3.8008499,Naomi Marti,2025-06-29 07:53:39.062482+00:00,2025-10-20 13:14:33.133693+00:00,No,No destacada,No,Palaemon serratus,646d9753-9fda-4a84-9e20-17ec2ae9e84d.webp,"in a cave, on a muddy/sandy bottom",,,https://www.observadoresdelmar.es/Observations/2000262,Mud,10,2
Crustacis Decàpodes,2000263,2025-06-11,39.9982796,3.8008499,Naomi Marti,2025-06-29 07:57:33.526849+00:00,2025-10-20 10:51:28.836027+00:00,No,No destacada,No,Stenopus spinosus,9df3c03e-d663-432e-8e98-14d992b9ccd9.webp,"in a cave, muddy sandy bottom, size of an hand",,,https://www.observadoresdelmar.es/Observations/2000263,Mud,10,5
Crustacis Decàpodes,2000264,2025-06-11,39.9982796,3.8008499,Naomi Marti,2025-06-29 07:58:51.297294+00:00,2025-10-20 10:51:34.919762+00:00,No,No destacada,No,Paguristes eremita,f69db08a-9cb2-4aa9-b587-a50f7284a779.webp,climbing on the wall,,,https://www.observadoresdelmar.es/Observations/2000264,Rocks,10,3
Crustacis Decàpodes,2000265,2025-06-11,39.9982796,3.8008499,Naomi Marti,2025-06-29 08:02:12.783133+00:00,2025-10-20 10:51:47.438749+00:00,No,No destacada,No,Stenopus spinosus,797b229e-0f38-4646-977a-d5c447bbf8c1.webp,"a bit smaller, little orange more transparent",,,https://www.observadoresdelmar.es/Observations/2000265,Mud,10,4
Crustacis Decàpodes,2000272,2025-06-16,39.9982796,3.8008499,Naomi Marti,2025-06-29 08:29:19.614278+00:00,2025-10-20 13:14:41.294252+00:00,No,No destacada,No,Stenopus spinosus,283800e8-310a-478e-af1b-5ac279984ec2.webp,,,,https://www.observadoresdelmar.es/Observations/2000272,Mud,10,4
Crustacis Decàpodes,2000284,2025-06-17,40.06345,4.13255,Naomi Marti,2025-06-29 08:54:56.928201+00:00,2025-10-20 11:09:47.968146+00:00,No,No destacada,No,Paguristes eremita,2ce12ef5-c047-4193-9241-7d03757e0d21.webp,,,,https://www.observadoresdelmar.es/Observations/2000284,Rocks,6,1
Crustacis Decàpodes,2000286,2025-06-18,40.0584,4.13602,Naomi Marti,2025-06-29 09:01:09.891215+00:00,2025-10-20 11:20:22.260221+00:00,No,No destacada,No,Scyllarus arctus,8c549186-0421-48bd-a196-e76381a2932a.webp,"on a wall, in the shade",,,https://www.observadoresdelmar.es/Observations/2000286,Rocks,15,3
Crustacis Decàpodes,2000288,2025-06-22,39.9222984,3.8250899,Naomi Marti,2025-06-29 09:04:43.621349+00:00,2025-10-20 13:15:15.721910+00:00,No,No destacada,No,Paguristes eremita,e36621da-a110-47b1-a3dc-efad950b2bbe.webp,,,,https://www.observadoresdelmar.es/Observations/2000288,Crevices,10,1
Crustacis Decàpodes,2000290,2025-06-23,39.9982796,3.8008499,Naomi Marti,2025-06-29 09:07:14.754812+00:00,2025-10-20 13:14:41.849985+00:00,No,No destacada,No,Paguristes eremita,803f9c0d-57bb-4fc5-a41b-5ff9473de45a.webp,,,,https://www.observadoresdelmar.es/Observations/2000290,Rocks,10,4
Crustacis Decàpodes,2000291,2025-06-23,39.9982796,3.8008499,Naomi Marti,2025-06-29 09:08:54.540666+00:00,2025-10-20 13:14:43.439573+00:00,No,No destacada,No,Stenopus spinosus,67efba55-7a8c-42bd-9c43-ae8d1c4bcd49.webp,,,,https://www.observadoresdelmar.es/Observations/2000291,Mud,10,5
Crustacis Decàpodes,2000293,2025-06-28,39.48691,2.47708,Daria  Wierciochowska,2025-06-29 16:14:31.466616+00:00,2025-11-24 12:03:36.652321+00:00,No,No destacada,Yes,Percnon gibbesi,696e9557-329b-47e1-a6db-2b513209af7a.webp,,,,https://www.observadoresdelmar.es/Observations/2000293,Rocks,3,1
Crustacis Decàpodes,2000294,2025-05-29,39.56023,2.66867,Jose Carlos Vila Bennasar,2025-06-30 09:54:42.490224+00:00,2025-06-30 09:54:42.490238+00:00,No,No destacada,No,Eriphia verrucosa,,,,,https://www.observadoresdelmar.es/Observations/2000294,Rocks,10,
Crustacis Decàpodes,2000307,2025-06-21,42.28439,3.29792,Nerea Vieitez,2025-06-30 13:48:55.107496+00:00,2025-10-20 12:30:02.733536+00:00,No,No destacada,No,Palinurus elephas,bff204aa-9860-42a7-9d15-a44cced2e91e.webp,,,,https://www.observadoresdelmar.es/Observations/2000307,Crevices,20,
Crustacis Decàpodes,2000310,2025-06-26,42.26096,3.17289,Nerea Vieitez,2025-06-30 13:54:01.713379+00:00,2025-10-20 12:31:11.274448+00:00,No,No destacada,No,Scyllarus arctus,c7924fd9-1bb2-4bc7-bd7e-c347bf5ba085.webp,,,,https://www.observadoresdelmar.es/Observations/2000310,Fine sandy beach,,
Crustacis Decàpodes,2000311,2025-06-25,42.2384,3.22799,Nerea Vieitez,2025-06-30 13:55:15.953939+00:00,2025-10-20 12:32:31.084996+00:00,No,No destacada,No,Hippolyte prideauxiana,9dd3785b-e755-43b3-af7b-7307d5f43626.webp,,,,https://www.observadoresdelmar.es/Observations/2000311,Rocks,18,1
Crustacis Decàpodes,2000317,2025-06-21,41.72092,2.93883,Nerea Vieitez,2025-06-30 14:01:14.687679+00:00,2025-10-20 12:35:22.177302+00:00,No,No destacada,No,Processa canaliculata,7d11772a-dafb-417b-b966-3327891e464b.webp,,,,https://www.observadoresdelmar.es/Observations/2000317,Fine sandy beach,15,
Crustacis Decàpodes,2000340,2025-06-19,40.06076,4.07679,Abel Miravalles Caballero,2025-07-02 18:24:34.331206+00:00,2025-11-24 12:03:36.643451+00:00,No,No destacada,Yes,Percnon gibbesi,e3e2a91e-d43d-43fb-9384-d61838f3a831.webp,"Se puede ver un ejemplar de la especie invasora Percnon gibbesi. Se encontraba en el piso infralitoral entre las grietas de las rocas de la Cala de Caballería, en Menorca. Había más ejemplares juntos (3-4) y también a lo largo de la cala.",,,https://www.observadoresdelmar.es/Observations/2000340,Crevices,1,4
Crustacis Decàpodes,2000381,2025-07-05,39.46238,2.47239,Daria  Wierciochowska,2025-07-07 08:24:43.678737+00:00,2025-10-20 11:40:09.870483+00:00,No,No destacada,No,,128d751b-7463-4138-ac64-9b61f2eb373b.webp,,,,https://www.observadoresdelmar.es/Observations/2000381,Rocks,34,1
Crustacis Decàpodes,2000386,2025-07-05,39.92139,4.01625,José Antonio  ,2025-07-07 08:55:35.293672+00:00,2025-11-24 11:18:08.296426+00:00,No,No destacada,Yes,Callinectes sapidus,4841ac59-bf05-4490-b078-27c42406b456.webp,Dentro de una cueva,,,https://www.observadoresdelmar.es/Observations/2000386,Rocks,1,1
Crustacis Decàpodes,2000393,2025-06-30,39.76831,3.3758,Michel Massanet Ginard,2025-07-07 11:48:34.779904+00:00,2025-11-24 12:03:36.577832+00:00,No,No destacada,Yes,Percnon gibbesi,0064c2ac-3781-464d-aab4-ce2e150f2ad7.webp,Del orden de 20 cangrejos en una zona de 30x30m. En general vistos por toda la costa de esa zona,,,https://www.observadoresdelmar.es/Observations/2000393,Rocks,2,20
Crustacis Decàpodes,2000403,2025-06-28,40.06159,0.1182,Abel Miravalles Caballero,2025-07-09 11:38:06.649860+00:00,2025-10-20 10:50:20.869044+00:00,No,No destacada,No,Portumnus latipes,5f3f870c-61de-4359-a07b-06cc908b859c.webp,Este ejemplar fue visto camuflándose en la arena de la costa de una de las calas de arena fina (restos de conchas y arena) de la Zona Verde de la Renegá. Se observaron unos 3 ejemplares en menos de 2 metros cuadrados de arena.,,,https://www.observadoresdelmar.es/Observations/2000403,Fine sandy beach,1,3
Crustacis Decàpodes,2000405,2025-06-19,40.06078,4.07678,Abel Miravalles Caballero,2025-07-09 11:45:16.331121+00:00,2025-10-20 10:50:48.326471+00:00,No,No destacada,No,Calcinus tubularis,188bc907-6f1c-4e3f-91f1-7a21d899f821.webp,Este ejemplar de ermitaño sedentario se encontraba habitando pequeñas oquedades de las rocas del piso infralitoral de la Cala de Caballería. Su abundancia era visible en la zona y parecía abundante.,,,https://www.observadoresdelmar.es/Observations/2000405,Rocks,1,6
Crustacis Decàpodes,2000406,2025-07-05,38.6339188,0.08148,Jorge ,2025-07-09 14:37:58.116415+00:00,2025-10-20 13:14:44.546743+00:00,No,No destacada,No,Palinurus elephas,f32dee24-ed78-4391-a2f7-ea217292a4f0.webp,,,,https://www.observadoresdelmar.es/Observations/2000406,Rocks,22,1
Crustacis Decàpodes,2000408,2025-07-05,38.6356316,0.07929,Jorge ,2025-07-09 14:40:53.696883+00:00,2025-10-20 10:51:42.785386+00:00,No,No destacada,No,Pagurus cuanensis,d691708c-c320-4268-a6a2-4cbfeff122bb.webp,,,,https://www.observadoresdelmar.es/Observations/2000408,Mud,20,1
Crustacis Decàpodes,2000489,2025-06-23,39.9982796,3.8008499,Naomi Marti,2025-07-16 17:25:21.557575+00:00,2025-10-20 13:15:35.352380+00:00,No,No destacada,No,Stenopus spinosus,68bda154-3d61-41ea-8293-c6bbc0ce9e50.webp,"Always in the cave, about 10m inside it",,,https://www.observadoresdelmar.es/Observations/2000489,Mud,9,4
Crustacis Decàpodes,2000490,2025-06-23,39.9982796,3.8008499,Naomi Marti,2025-07-16 17:27:28.805208+00:00,2025-10-20 13:15:35.605342+00:00,No,No destacada,No,Paguristes eremita,656465bc-44f0-4373-a30a-923e75597e9a.webp,,,,https://www.observadoresdelmar.es/Observations/2000490,Mud,8,3
Crustacis Decàpodes,2000494,2025-07-09,39.9982796,3.8008499,Naomi Marti,2025-07-16 17:46:46.192773+00:00,2025-11-24 12:03:37.276876+00:00,No,No destacada,Yes,Percnon gibbesi,3e8639fc-8f40-4c7a-b9a2-3c9bc35f47dc.webp,,,,https://www.observadoresdelmar.es/Observations/2000494,Rocks,10,3
Crustacis Decàpodes,2000495,2025-07-09,39.9982796,3.8008499,Naomi Marti,2025-07-16 17:48:13.482513+00:00,2025-10-20 13:15:36.582748+00:00,No,No destacada,No,Paguristes eremita,ee94a457-0c99-4835-b7f1-5ccf5fe45bb1.webp,,,,https://www.observadoresdelmar.es/Observations/2000495,Mud,10,3
Crustacis Decàpodes,2000496,2025-07-09,39.9982796,3.8008499,Naomi Marti,2025-07-16 17:57:32.400732+00:00,2025-10-20 13:15:36.826437+00:00,No,No destacada,No,Penaeidae,7049df52-1696-4eee-b9e6-44a926d1ec0d.webp,,,,https://www.observadoresdelmar.es/Observations/2000496,Mud,10,1
Crustacis Decàpodes,2000535,2025-07-07,37.6197,-0.70915,@Sevenn_Seas ,2025-07-20 15:18:18.202066+00:00,2025-11-24 12:03:37.254400+00:00,No,No destacada,Yes,Percnon gibbesi,5da3294a-5511-4a8b-bb20-63f36c5e0dcc.webp,,,,https://www.observadoresdelmar.es/Observations/2000535,Rocks,3,2
Crustacis Decàpodes,2000568,2025-07-23,39.93006,3.98967,José Antonio  ,2025-07-23 20:55:56.816705+00:00,2025-10-20 13:16:20.371150+00:00,No,No destacada,No,Callinectes sapidus,5a339d30-5a94-4c38-92f6-fdf4c2677204.webp,Los individuos se enterraban al aproximarme para hacer la foto,,,https://www.observadoresdelmar.es/Observations/2000568,Fine sandy beach,4,3
Crustacis Decàpodes,2000574,2025-07-23,39.92942,3.98966,José Antonio  ,2025-07-24 11:19:06.626372+00:00,2025-11-24 11:18:08.391581+00:00,No,No destacada,Yes,Callinectes sapidus,2b306d36-204a-4d91-8c95-07f2e1b92e02.webp,Ejemplares desplazándose por el.fondo. Al acercarme para hacer la foto se entierran o huyen,,,https://www.observadoresdelmar.es/Observations/2000574,Fine sandy beach,4,3
Crustacis Decàpodes,2000575,2025-07-23,39.9311,3.98835,José Antonio  ,2025-07-24 11:22:45.582675+00:00,2025-11-24 11:18:08.390787+00:00,No,No destacada,Yes,Callinectes sapidus,76063fec-1901-41b0-81ad-4c9913120843.webp,Todos en la parte final del torrente de Trebaluger. El de la foto era un macho de unos 20-25 cm de envergadura. El torrente el día de la observación estaba desconectado del mar,,,https://www.observadoresdelmar.es/Observations/2000575,Fine sandy beach,,7
Crustacis Decàpodes,2000582,2025-07-23,41.93625,3.21663,Martí Vilanova ,2025-07-25 07:03:35.039059+00:00,2025-10-20 11:06:26.215143+00:00,No,No destacada,No,Scyllarides latus,f3dde241-e051-46d4-aa20-35aa15100489.webp,,,,https://www.observadoresdelmar.es/Observations/2000582,Crevices,24,1
Crustacis Decàpodes,2000618,2025-07-27,38.35869,-0.45122,Antonio Esteve,2025-07-27 22:22:07.636527+00:00,2025-07-27 22:22:07.636539+00:00,No,No destacada,No,Percnon gibbesi,,"Llevo 4 años viendo ejemplares de esta especie en el mismo sitio, en un espigón en concreto, siempre en el espacio donde se tocan dos rocas, raramente separados de ese ""seguro"" más de 20 cm.
Subiré fotos pronto.",,,https://www.observadoresdelmar.es/Observations/2000618,Rocks,2,
Crustacis Decàpodes,2000651,2025-07-02,39.53139,2.57177,Marta Reynés Nicolau ,2025-07-30 11:07:18.069811+00:00,2025-10-20 13:17:37.616358+00:00,No,No destacada,No,,6f5eec50-ba68-4ec2-81f6-8bd5e7a9d4a2.webp,"El 2 de julio al llegar a la escuela de vela, encontramos esta liebre de mar muerta en la rampa.",,,https://www.observadoresdelmar.es/Observations/2000651,Rocks,,1
Crustacis Decàpodes,2000698,2025-08-05,40.06649,0.12585,Abel Miravalles Caballero,2025-08-05 22:18:50.854181+00:00,2025-11-24 12:03:37.248586+00:00,No,No destacada,Yes,Percnon gibbesi,5c413f13-6e09-4ea3-b7bb-af261a1d4ed2.webp,"Junto a otros 2 ejemplares en la misma zona, se encontraban en el piso infralitoral a unos 4-5 metros de profundidad entre las rocas justo en la zona de acantilado/roqueral, debajo de la Torre de la Corda. El primero que avisto en la Renegá",,,https://www.observadoresdelmar.es/Observations/2000698,Rocks,4,3
Crustacis Decàpodes,2000777,2025-07-16,40.06277,0.12116,Abel Miravalles Caballero,2025-08-11 17:53:17.811233+00:00,2025-11-24 11:18:07.913054+00:00,No,No destacada,Yes,Clibanarius erythropus,d0acce52-6062-43c6-a789-7e5b3e464526.webp,"A lo largo de toda la costa de la Renegá, sobre todo en las calas rocosas, se pueden ver con mucha facilidad grandes colonias de estos ermitaños, desde el inicio del piso intermareal hasta una profundidad de 2-3 metros.",,,https://www.observadoresdelmar.es/Observations/2000777,Rocks,1,20
Crustacis Decàpodes,2000788,2025-08-12,40.03435,0.04942,Maria Dorce Baulenas,2025-08-12 07:40:43.956079+00:00,2025-08-12 07:40:43.956091+00:00,No,No destacada,No,Percnon gibbesi,,4 en roca comiendo,,,https://www.observadoresdelmar.es/Observations/2000788,Rocks,,4
Crustacis Decàpodes,2000835,2025-08-09,43.38927,-1.78892,Mitxel Gonzalez Zabalo,2025-08-14 14:19:54.193761+00:00,2025-10-20 13:19:07.663526+00:00,No,No destacada,No,Periclimenes sagittifer,cf872288-2027-431c-98a6-24dc57fc733b.webp,Fotografié este espécimen buceando en Hondarribia,,,https://www.observadoresdelmar.es/Observations/2000835,Rocks,20,1
Crustacis Decàpodes,2000911,2025-08-17,39.40493,3.26064,Fernando Estarellas Calderon ,2025-08-17 22:35:38.150231+00:00,2025-11-24 11:18:08.453095+00:00,No,No destacada,Yes,Percnon gibbesi,fde13254-7bb5-46ee-907c-9c0226ad5b21.webp,,,,https://www.observadoresdelmar.es/Observations/2000911,Rocks,5,
Crustacis Decàpodes,2000915,2025-08-16,41.8880806,3.1988599,Sarah Agust ,2025-08-18 07:36:09.955235+00:00,2025-10-20 13:20:03.369663+00:00,No,No destacada,No,Palinurus elephas,2e36681a-b735-412a-81d6-84d0ecc01390.webp,#retojuvenileslangosta,,,https://www.observadoresdelmar.es/Observations/2000915,Rocks,25,1
Crustacis Decàpodes,2000974,2025-08-08,36.72212,-3.72845, ,2025-08-20 12:45:30.652998+00:00,2025-10-20 11:43:04.785644+00:00,No,No destacada,No,Scyllarus arctus,a0e6952d-3476-43c5-8bad-2f7666b592c4.webp,,,,https://www.observadoresdelmar.es/Observations/2000974,Rocks,12,1
Crustacis Decàpodes,2000975,2025-08-18,36.7028885,-3.4114499, ,2025-08-20 12:45:58.630378+00:00,2025-11-24 11:18:08.366190+00:00,No,No destacada,Yes,Eriphia verrucosa,320c7c9d-fd48-465d-ba33-05a301e57991.webp,,,,https://www.observadoresdelmar.es/Observations/2000975,Rocks,,2
Crustacis Decàpodes,2001017,2025-08-24,39.9245682,3.84184,Naomi Marti,2025-08-25 06:55:45.613271+00:00,2025-11-24 10:58:54.919961+00:00,No,No destacada,Yes,Callinectes sapidus,fc9d61de-12c4-43d2-949e-f406f78c1d8e.webp,,,,https://www.observadoresdelmar.es/Observations/2001017,Fine sandy beach,2,1
Crustacis Decàpodes,2001065,2025-08-10,43.55411,-7.15974,Jorge ,2025-08-27 14:27:37.711498+00:00,2025-10-20 13:21:52.777540+00:00,No,No destacada,No,,ab638116-c7dc-4bf6-9e40-dac27e9fa406.webp,Megalopa de cangrejo en las grietas de las rocas con bajamar,,,https://www.observadoresdelmar.es/Observations/2001065,Crevices,,1
Crustacis Decàpodes,2001115,2025-08-26,39.9982796,3.8008499,Naomi Marti,2025-08-30 09:42:39.601115+00:00,2025-10-20 13:22:26.901756+00:00,No,No destacada,No,Paguristes eremita,0c9d4eb2-97f7-4655-9248-1125ec5a45f1.webp,Always in the cavern,,,https://www.observadoresdelmar.es/Observations/2001115,Mud,10,3
Crustacis Decàpodes,2001116,2025-08-26,39.9982796,3.8008499,Naomi Marti,2025-08-30 09:44:59.077204+00:00,2025-10-20 13:22:27.235485+00:00,No,No destacada,No,Palaemon adspersus,fabc07a1-8bb8-46f5-8021-5e68407c7df5.webp,,,,https://www.observadoresdelmar.es/Observations/2001116,Mud,10,2
Crustacis Decàpodes,2001164,2025-08-31,38.5653,-0.05247,Abel Miravalles Caballero,2025-09-01 16:37:06.165186+00:00,2025-11-24 10:59:15.829593+00:00,No,No destacada,Yes,Percnon gibbesi,c82d6b6e-1d4a-4dac-a85a-a43ce189049a.webp,"A lo largo de uno 30 m de costa aproximadamente, se observó la aparición continua de esta especie de entre las rocas, con una abundancia considerable de uno 20 - 30 ejemplares.",,,https://www.observadoresdelmar.es/Observations/2001164,Rocks,1,25
Crustacis Decàpodes,2001186,2025-08-27,38.6378708,0.07798,Jorge ,2025-09-03 08:49:05.783825+00:00,2025-10-20 13:22:53.324228+00:00,No,No destacada,No,Dardanus calidus,0d52b93c-a4f2-4114-9275-6ab3a218964a.webp,,,,https://www.observadoresdelmar.es/Observations/2001186,Sea grasslands,13,1
Crustacis Decàpodes,2001187,2025-08-10,43.55411,-7.15974,Jorge ,2025-09-03 09:54:34.220609+00:00,2025-10-20 13:22:55.575235+00:00,No,No destacada,No,,ed4a5b8a-cd27-455d-9279-526561aafe53.webp,Megalopa de cangrejo,,,https://www.observadoresdelmar.es/Observations/2001187,Rocks,,1
Crustacis Decàpodes,2001188,2025-08-10,43.55411,-7.15974,Jorge ,2025-09-03 09:55:51.694100+00:00,2025-11-24 12:03:37.197535+00:00,No,No destacada,Yes,Pachygrapsus transversus,e9ddbca8-0f0e-4f8a-a202-b8feea64917d.webp,,,"Se trata de Pachygrapsus transversus, aunque la posición del ejemplar no es la mejor para identificarlo, en este caso la coloración verde típica de las uniones entre artejos ayuda",https://www.observadoresdelmar.es/Observations/2001188,Rocks,,1
Crustacis Decàpodes,2001291,2025-09-04,40.02437,4.1938,Naomi Marti,2025-09-15 08:28:37.117376+00:00,2025-10-20 13:24:14.507065+00:00,No,No destacada,No,Palinurus elephas,e26f11ca-5bfa-44fb-9ce5-a0566d3b7099.webp,,,,https://www.observadoresdelmar.es/Observations/2001291,Rocks,18,1
Crustacis Decàpodes,2001292,2025-09-04,40.02437,4.1938,Naomi Marti,2025-09-15 08:28:38.056103+00:00,2025-10-20 13:24:14.846860+00:00,No,No destacada,No,Palinurus elephas,4754023b-bc7a-46f2-be8d-1383c741b923.webp,,,,https://www.observadoresdelmar.es/Observations/2001292,Rocks,18,1
Crustacis Decàpodes,2001293,2025-09-04,40.02437,4.1938,Naomi Marti,2025-09-15 08:28:48.297115+00:00,2025-10-20 13:24:15.186048+00:00,No,No destacada,No,Palinurus elephas,0a0079f4-c57b-4301-99f9-ccc06ff81414.webp,,,,https://www.observadoresdelmar.es/Observations/2001293,Rocks,18,1
Crustacis Decàpodes,2001294,2025-09-04,40.02437,4.1938,Naomi Marti,2025-09-15 08:28:54.856601+00:00,2025-10-20 13:24:15.524386+00:00,No,No destacada,No,Palinurus elephas,c797c17b-2cbc-4e65-ba1e-41c765c319f6.webp,,,,https://www.observadoresdelmar.es/Observations/2001294,Rocks,18,1
Crustacis Decàpodes,2001295,2025-09-04,40.02437,4.1938,Naomi Marti,2025-09-15 08:29:01.194215+00:00,2025-10-20 13:24:15.861616+00:00,No,No destacada,No,Palinurus elephas,b5b25804-9cf8-4766-b245-dddce48ac407.webp,,,,https://www.observadoresdelmar.es/Observations/2001295,Rocks,18,1
Crustacis Decàpodes,2001296,2025-09-04,40.02437,4.1938,Naomi Marti,2025-09-15 08:29:04.649810+00:00,2025-10-20 13:24:16.200783+00:00,No,No destacada,No,Palinurus elephas,fbe38705-090a-4af4-a7b9-93b48560df24.webp,,,,https://www.observadoresdelmar.es/Observations/2001296,Rocks,18,1
Crustacis Decàpodes,2001297,2025-09-04,40.02437,4.1938,Naomi Marti,2025-09-15 08:29:15.145194+00:00,2025-10-20 13:24:16.538685+00:00,No,No destacada,No,Palinurus elephas,2dbeb815-1571-4ce0-86e9-c6bba01da5ec.webp,,,,https://www.observadoresdelmar.es/Observations/2001297,Rocks,18,1
Crustacis Decàpodes,2001298,2025-09-04,40.02437,4.1938,Naomi Marti,2025-09-15 08:29:15.978582+00:00,2025-10-20 13:24:16.877466+00:00,No,No destacada,No,Palinurus elephas,cf05146f-7960-4c8d-af62-9331eab3e4cd.webp,,,,https://www.observadoresdelmar.es/Observations/2001298,Rocks,18,1
Crustacis Decàpodes,2001299,2025-09-04,40.02437,4.1938,Naomi Marti,2025-09-15 08:29:19.278524+00:00,2025-10-20 13:24:17.215270+00:00,No,No destacada,No,Palinurus elephas,f7b4585e-e6b2-46df-ac9a-8079c1989beb.webp,,,,https://www.observadoresdelmar.es/Observations/2001299,Rocks,18,1
Crustacis Decàpodes,2001300,2025-09-04,40.02437,4.1938,Naomi Marti,2025-09-15 08:29:19.836811+00:00,2025-10-20 13:24:17.554252+00:00,No,No destacada,No,Palinurus elephas,50f7dbd1-cb8c-4d81-a6f4-096827841cd9.webp,,,,https://www.observadoresdelmar.es/Observations/2001300,Rocks,18,1
Crustacis Decàpodes,2001301,2025-09-04,40.02437,4.1938,Naomi Marti,2025-09-15 08:29:46.243280+00:00,2025-10-20 13:24:17.891941+00:00,No,No destacada,No,Palinurus elephas,a82591ab-a143-423e-83a5-4563e1fd394d.webp,,,,https://www.observadoresdelmar.es/Observations/2001301,Rocks,18,1
Crustacis Decàpodes,2001303,2025-09-04,40.02437,4.1938,Naomi Marti,2025-09-15 08:35:48.466299+00:00,2025-11-24 11:00:05.328610+00:00,No,No destacada,Yes,Xantho hydrophilus,d93e21a5-3761-4c48-a939-6e35c8f0185a.webp,Dead,,"Hola, he corregido la identificación, no se trata de un Liocarcinus, sino de un Xantho, concretamente X. hydrophilus.",https://www.observadoresdelmar.es/Observations/2001303,Rocks,6,1
Crustacis Decàpodes,2001306,2025-09-04,40.02437,4.1938,Naomi Marti,2025-09-15 08:41:47.119060+00:00,2025-10-20 13:24:13.216695+00:00,No,No destacada,No,Paguristes eremita,44f348d4-1466-46f0-a450-06046e9026d7.webp,,,,https://www.observadoresdelmar.es/Observations/2001306,Rocks,18,4
Crustacis Decàpodes,2001313,2025-09-15,41.19808,1.67289,Pablo  Ruiz ,2025-09-15 15:16:05.850979+00:00,2025-11-24 11:18:08.439212+00:00,No,No destacada,Yes,Callinectes sapidus,15371e2d-a716-45ae-b0bd-a0df6334657a.webp,,,,https://www.observadoresdelmar.es/Observations/2001313,Rocks,,1
Crustacis Decàpodes,2001352,2025-07-16,39.46199,2.47181,Miquel Gomila Lladó ,2025-09-17 11:38:05.671501+00:00,2025-10-20 11:15:41.830221+00:00,No,No destacada,No,Scyllarides latus,5000491a-b1fa-4c77-be98-ef0271542056.webp,,,,https://www.observadoresdelmar.es/Observations/2001352,Rocks,15,1
Crustacis Decàpodes,2001353,2025-07-26,39.7556,2.61937,Miquel Gomila Lladó ,2025-09-17 11:49:03.354642+00:00,2025-10-20 11:17:22.777624+00:00,No,No destacada,No,Palinurus elephas,b6b270b4-5e56-4212-8780-38995d6b47fc.webp,,,,https://www.observadoresdelmar.es/Observations/2001353,Sea grasslands,15,2
Crustacis Decàpodes,2001418,2025-09-18,39.88227,3.20062,Gabriel Algaba Rey,2025-09-24 12:14:06.372801+00:00,2025-10-20 13:25:52.589173+00:00,No,No destacada,No,,0e0f2962-b051-4dc6-8337-7b6ca306aae0.webp,Se encontraba en una cueva costera,,,https://www.observadoresdelmar.es/Observations/2001418,,1,1
Crustacis Decàpodes,2001427,2025-09-20,38.63206,0.07437,Jorge ,2025-09-24 13:46:10.814827+00:00,2025-10-20 13:26:04.177384+00:00,No,No destacada,No,,758ae9d4-1baf-457d-95c5-f86317a1f9f9.webp,,,,https://www.observadoresdelmar.es/Observations/2001427,Mud,22,2
Crustacis Decàpodes,2001438,2025-09-20,37.6796112,-0.73654,Isabel  Rubio Pérez ,2025-09-28 15:27:54.362217+00:00,2025-10-20 13:26:10.835137+00:00,No,No destacada,No,Panopeus africanus,552786ad-66fa-4433-84e4-f2c90d82f989.webp,,,,https://www.observadoresdelmar.es/Observations/2001438,Sea grasslands,1,1
Crustacis Decàpodes,2001449,2025-09-27,39.9771805,3.83338,Naomi Marti,2025-09-29 11:56:12.325747+00:00,2025-10-20 13:26:11.396523+00:00,No,No destacada,No,Plesionika narval,13263eed-9a1b-4137-b4ba-5aaef8dbb6ea.webp,"Intbetween two blocks of cement 
With ermites crabs",,,https://www.observadoresdelmar.es/Observations/2001449,Rocks,12,3
Crustacis Decàpodes,2001481,2025-10-01,39.9771805,3.83338,Naomi Marti,2025-10-04 12:00:17.549682+00:00,2025-10-20 13:26:31.973164+00:00,No,No destacada,No,Inachus phalangium,8e24628f-d401-4eba-8ba8-fe1941d3c59c.webp,In an anemone,,,https://www.observadoresdelmar.es/Observations/2001481,Sea grasslands,5,1
Crustacis Decàpodes,2001483,2025-10-01,39.9771805,3.83338,Naomi Marti,2025-10-04 12:07:07.178502+00:00,2025-10-20 13:26:32.602385+00:00,No,No destacada,No,Calcinus tubularis,dfdc17a7-d943-417d-aba5-7b9d073b6f11.webp,On and In between blocks of cement,,,https://www.observadoresdelmar.es/Observations/2001483,Rocks,12,10
Crustacis Decàpodes,2001553,2025-10-13,39.9982796,3.8008499,Naomi Marti,2025-10-15 07:55:36.691155+00:00,2025-10-20 13:27:05.934830+00:00,No,No destacada,No,Inachus phalangium,0daccf4f-73cd-4cc3-920c-94a07bdf7db3.webp,In anemones,,,https://www.observadoresdelmar.es/Observations/2001553,Rocks,5,3
Crustacis Decàpodes,2001554,2025-10-13,39.9982796,3.8008499,Naomi Marti,2025-10-15 07:55:46.210839+00:00,2025-10-20 13:27:06.242893+00:00,No,No destacada,No,Inachus phalangium,f552be1d-42c4-4683-a67f-36c74f75648b.webp,In anemones,,,https://www.observadoresdelmar.es/Observations/2001554,Rocks,5,3
Crustacis Decàpodes,2001555,2025-10-13,39.9982796,3.8008499,Naomi Marti,2025-10-15 07:56:04.186997+00:00,2025-11-24 11:18:08.469244+00:00,No,No destacada,Yes,Inachus phalangium,c19b6c36-29d9-4a66-9173-e56c7b43eeef.webp,In anemones,,,https://www.observadoresdelmar.es/Observations/2001555,Rocks,5,3
Crustacis Decàpodes,2001557,2025-10-13,39.9771805,3.83338,Naomi Marti,2025-10-15 08:06:17.717173+00:00,2025-10-20 13:27:07.389082+00:00,No,No destacada,No,Stenopus spinosus,5f18848d-29c5-4c31-885b-af9d541a1c62.webp,,,,https://www.observadoresdelmar.es/Observations/2001557,Rocks,10,3
Crustacis Decàpodes,2001616,2025-10-23,41.19813,1.67266,Pablo  Ruiz ,2025-10-23 13:44:31.205883+00:00,2025-11-24 11:18:08.482004+00:00,No,No destacada,Yes,Callinectes sapidus,5567a382-bbc1-453d-86b7-b32af8346271.webp,dentro de una zona de agua salobre creada por la inundacion en cubelles del 12 de Julio.,,,https://www.observadoresdelmar.es/Observations/2001616,Fine sandy beach,,2
Crustacis Decàpodes,2001617,2025-10-23,41.19813,1.67266,Pablo  Ruiz ,2025-10-23 13:44:32.667502+00:00,2025-10-30 17:47:42.789927+00:00,No,No destacada,No,Callinectes sapidus,5214c55d-bb7b-4937-8ffc-4cd08c3b89df.webp,dentro de una zona de agua salobre creada por la inundacion en cubelles del 12 de Julio.,,,https://www.observadoresdelmar.es/Observations/2001617,Fine sandy beach,,2
Crustacis Decàpodes,2001637,2025-08-06,36.52848,-6.3087,Elena Gómez Barrocal,2025-10-27 20:51:57.984281+00:00,2025-11-24 11:18:07.906846+00:00,No,No destacada,Yes,,617ce7e0-72e9-4029-a970-0885224367c7.webp,,,,https://www.observadoresdelmar.es/Observations/2001637,Rocks,1,12
Crustacis Decàpodes,2001770,2025-11-09,38.35163,-0.4103,Diego Garcia  Guerrero ,2025-11-10 11:36:43.935034+00:00,2025-11-10 16:31:44.711868+00:00,No,No destacada,No,Portunus hastatus,696a69cf-0116-4593-b500-d8f7ba8977af.webp,,,,https://www.observadoresdelmar.es/Observations/2001770,Fine sandy beach,7,1
Crustacis Decàpodes,2001900,2025-12-02,41.19801,1.67292,Pablo  Ruiz ,2025-12-02 14:06:17.987137+00:00,2025-12-02 14:24:13.512463+00:00,No,No destacada,No,Pachygrapsus marmoratus,59117870-8d0f-455f-ab63-7563d07e9e22.webp,,,,https://www.observadoresdelmar.es/Observations/2001900,Fine sandy beach,,1
Crustacis Decàpodes,2001901,2025-12-02,41.19801,1.67274,Pablo  Ruiz ,2025-12-02 14:06:51.626106+00:00,2025-12-02 14:24:13.990516+00:00,No,No destacada,No,Clibanarius erythropus,44fef756-0562-4d5b-b1a1-a659fe83dd53.webp,,,,https://www.observadoresdelmar.es/Observations/2001901,Fine sandy beach,,1
Crustacis Decàpodes,2001935,2025-12-07,40.06201,0.11971,Abel Miravalles Caballero,2025-12-10 17:50:00.302437+00:00,2025-12-10 19:03:45.969083+00:00,No,No destacada,No,Eriphia verrucosa,9aa27d63-9089-4161-8e8a-badd277c4c90.webp,"Durante un paseo nocturno por el litoral de la Renegá los ejemplares de este decápodo son bastante numerosos, junto a Pachygrapsus marmoratus. Son bastante activos y suele ser fácil verlos alimentarse de lapas o pequeños crustáceos.",,,https://www.observadoresdelmar.es/Observations/2001935,Rocks,,20
Crustacis Decàpodes,2001941,2025-12-07,40.0618,0.11931,Abel Miravalles Caballero,2025-12-10 19:32:55.657995+00:00,2025-12-11 01:03:45.584126+00:00,No,No destacada,No,Pachygrapsus marmoratus,ea66b77f-0914-4207-97f6-c10d0978906d.webp,"Durante un paseo nocturno por esta costa puedes encontrar un gran número de ejemplares de este decápodo, tanto encima de las rocas, como de las algas tapizantes, y dentro de las charcas intermareales, alimentándose de algas y lapas.",,,https://www.observadoresdelmar.es/Observations/2001941,Rocks,,60
Crustacis Decàpodes,2001945,2025-11-23,43.39092,-1.69093,Sara Lizarza Mu ,2025-12-11 18:11:17.580916+00:00,2025-12-11 19:03:45.639715+00:00,No,No destacada,No,Eriphia verrucosa,8b48e7e9-149b-4e48-b741-03e9cccad8af.webp,,,,https://www.observadoresdelmar.es/Observations/2001945,Rocks,,1
Crustacis Decàpodes,2001966,2025-12-15,41.19797,1.67294,Pablo  Ruiz ,2025-12-15 17:50:12.997361+00:00,2025-12-15 19:03:45.765668+00:00,No,No destacada,No,Callinectes sapidus,cdd4d50d-7d93-4422-80d9-8751c37fdb25.webp,muda.,,,https://www.observadoresdelmar.es/Observations/2001966,Pebble beach,,1
Crustacis Decàpodes,2001967,2025-12-15,41.19807,1.6728,Pablo  Ruiz ,2025-12-15 17:51:10.663773+00:00,2025-12-15 19:03:46.337593+00:00,No,No destacada,No,Pachygrapsus marmoratus,7e58f54b-de53-4937-8d99-90a7eaad2634.webp,,,,https://www.observadoresdelmar.es/Observations/2001967,Pebble beach,,1
Crustacis Decàpodes,2001968,2025-12-15,41.198,1.6729,Pablo  Ruiz ,2025-12-15 17:53:07.016249+00:00,2025-12-15 19:03:46.906239+00:00,No,No destacada,No,Maja crispata,f6c1d79c-e58a-47d3-8280-aeb5570c4010.webp,,,,https://www.observadoresdelmar.es/Observations/2001968,Pebble beach,,1
